id,created_at,student
00178679-b904-4b6b-aaa4-4807d67b91ce,2025-08-07 13:30:51.623236+00,da34e3f3-1668-4ee4-b898-b373eb0d27f9
0035c436-bf06-47fa-9476-30bd7a3270b3,2025-06-18 18:36:26.922003+00,0376abac-d860-4654-8968-b17dc3bb590d
00377b9a-fbb3-4878-9232-626bffa52a0a,2025-08-28 08:42:37.34934+00,c8be5e35-418b-4afd-b583-f5a2e59ef69b
004094bf-6a7f-48b1-98f7-1b058adccab0,2025-05-31 13:36:21.929252+00,2a5d0240-3e7f-48cc-aed1-536ba4f9a524
0064165a-db11-4fe5-959b-89096b6a4709,2025-06-29 20:30:22.156054+00,66a659e4-ee0a-4966-91cc-5a043a6580f3
008a420a-0d3d-4acf-b197-8adbe59ed5ac,2025-07-27 20:55:35.712971+00,c8be5e35-418b-4afd-b583-f5a2e59ef69b
00a2700f-71cd-4784-9563-4c8c954e8201,2025-08-26 20:20:51.404475+00,af36623a-9a15-4cf3-ae95-25a0587c0de6
00bc518d-e17f-4a05-9826-c2086e22022c,2025-06-27 11:44:25.48303+00,1420923d-3e27-4ffb-94eb-ba4aef3067e0
00ca95b9-3a5f-49ad-899b-ea9fc15f16aa,2025-07-31 08:21:50.40014+00,30e5835a-a1a3-404f-8b00-4828691cd2b8
00ced46d-a168-4f49-a565-85e6b164a861,2025-08-06 06:28:05.875638+00,b641e08f-5ef7-41f7-811f-11b3b0eae85d
012dcd27-1847-43d0-ada6-5279c83d6ce5,2025-07-05 12:33:58.016529+00,3562906a-53db-44a5-ae59-756fb7a5b678
014326df-bec6-48b9-96a5-4340ffca7a7d,2025-08-04 02:07:55.065062+00,d2e0628f-6779-44ff-81a3-ba367c277c7b
01661299-46fd-4915-8208-a03c2adafec8,2025-07-06 12:21:25.896676+00,9878cd0c-5411-443d-abc6-77ed1281799a
0174cedf-4c9a-45d6-9788-29de7e88c5bc,2025-07-17 08:22:14.298117+00,2a5d0240-3e7f-48cc-aed1-536ba4f9a524
019d3c0d-2bed-4e9c-9964-851e44d06d15,2025-06-09 09:50:50.761569+00,04a233ea-c613-442b-b078-d2c8979cecfc
01dd3a97-45fd-480c-9530-4d0e0c35f47f,2025-07-31 04:34:49.612857+00,d47a83a9-1b04-456b-97dd-c383a41a902d
02003188-c3a8-41ce-9084-0c758b810701,2025-07-29 21:51:04.616709+00,f8eeda44-ffd2-46b7-aa06-4eb17f6b4fff
021c5cce-9b8f-4b3c-8caa-7f214db94766,2025-05-24 22:12:55.881801+00,137d7f93-688e-44b3-98c0-86ddd6c844ac
0226d168-cd45-4e6f-bea3-3c527ab0f6f3,2025-07-01 20:06:40.569024+00,f001e25f-0f7f-4c98-8f33-7816e715a749
026a50da-e3a8-439a-92e1-c2c406060c70,2025-08-10 07:00:21.480265+00,729957fb-1ca2-45fa-a934-dcde146d7b5a
026f5e4f-ca47-40f4-a488-4965d0c725f4,2025-06-04 08:20:32.498027+00,40993c03-0338-42b4-a3c2-b13e20bd0022
02995db9-f7c4-4c01-9557-d28e17fbc9fb,2025-07-07 14:18:45.101765+00,4b2a1a98-e437-4693-a759-ed1152327912
02a684f5-4e82-4d43-b338-291c1e8377dc,2025-06-03 07:46:00.165108+00,d2e0628f-6779-44ff-81a3-ba367c277c7b
030b48f1-6bea-4f1c-b91c-6bc7754bb891,2025-06-14 15:31:40.607627+00,137d7f93-688e-44b3-98c0-86ddd6c844ac
0338aca9-1e45-42a7-af8d-fe449786bfde,2025-08-08 10:23:44.437915+00,7615eba0-4874-4cdf-ad0f-f42683eeee4c
036f5ea4-5183-4a42-b515-b90bd863c363,2025-08-20 06:45:29.973717+00,fc369258-14b3-49c0-9506-733a7bc16e23
03a4caf3-4411-4253-ae2e-300531392e49,2025-07-30 16:13:24.724061+00,538af738-c9d7-4ebd-8ecd-b0f32e53a7ee
03ec26d3-8c0f-4439-b448-354d9fc8fea9,2025-06-07 08:39:12.670898+00,25260b55-8f5f-41d7-9cd8-3df5160621f4
040212c3-dc0c-4510-ab73-c1112725f640,2025-08-04 10:49:44.307446+00,847d22a1-1a73-4021-900e-92dabe99432b
042ff08e-0f5a-44dc-b047-e9aa877a3d0a,2025-05-24 06:37:04.153209+00,035e6805-c17b-418a-8f09-364c754ef763
04569885-ae8b-4b07-b0a9-7c2faac64bd5,2025-08-27 16:59:57.429833+00,8bf4add5-5172-462d-9246-db8413d4e43c
049f2288-1d31-4fea-958d-949c5cfb22fc,2025-08-14 06:03:39.851887+00,729957fb-1ca2-45fa-a934-dcde146d7b5a
04a5e161-5bf9-4835-b844-3d94981c3b00,2025-07-12 22:23:41.613661+00,ed1e0ba4-e6b4-44ff-a9ef-4411f0dd83ac
04b3252c-0e06-4910-b4d4-934305206de5,2025-06-05 13:38:38.350242+00,f001e25f-0f7f-4c98-8f33-7816e715a749
04b8ef49-f785-4fed-8c32-1d4591ec2c46,2025-08-13 20:50:04.151627+00,ac9b1d36-1825-46e0-9c94-6c1733a5559a
04f8b57f-c6ec-4b12-9372-1389539499e3,2025-06-27 11:22:32.040768+00,137d7f93-688e-44b3-98c0-86ddd6c844ac
051aba9c-c037-4f5e-87e5-49d2e7881323,2025-07-18 17:57:10.751747+00,e052e5cf-f213-4c1d-b92c-1970cf765c3f
051acc82-a56f-46d2-bee2-6cb99c31ab94,2025-07-15 05:39:07.451818+00,ed1e0ba4-e6b4-44ff-a9ef-4411f0dd83ac
053b8b72-45d2-41c0-9fc4-6467708a844f,2025-07-10 09:22:41.994574+00,de24353a-4116-42ce-9ab6-17cf284a075c
0541f202-1a68-4496-bf25-1735e6c3f82c,2025-08-06 12:41:10.566405+00,5c3a28e7-1df6-4cfb-a628-fd7dc0efbd56
0572b718-478e-4b5e-a175-a00f8b26d3a7,2025-08-04 15:57:08.38009+00,04a233ea-c613-442b-b078-d2c8979cecfc
05808ded-0249-4f92-bde8-aea85ef4b758,2025-07-01 10:22:06.286091+00,de24353a-4116-42ce-9ab6-17cf284a075c
058955f1-48af-412e-9691-8433b2c9d3cb,2025-07-05 22:33:45.624847+00,89d3cb78-cdc5-4deb-9599-003a1fd21886
068a6f5b-2b89-47a5-8dfa-e4064b2bda43,2025-06-12 11:58:44.400697+00,b641e08f-5ef7-41f7-811f-11b3b0eae85d
06a3b428-5195-4e1f-88b4-f88c442f10ec,2025-06-03 09:14:13.310872+00,a14c4a9c-4e4b-4980-a163-68a56a0a410e
06a8a9dd-2863-4966-bb9e-af49abc5cadf,2025-05-23 11:51:29.856164+00,ed1e0ba4-e6b4-44ff-a9ef-4411f0dd83ac
06c0c969-f468-4181-81a6-d2cf09719ed2,2025-05-24 05:24:18.463549+00,ae51581b-553c-48d3-8233-25920e96f677
072b5748-531c-43bf-acae-5dca4c368cfa,2025-06-15 10:11:36.675291+00,71091acc-f3da-4843-bc4b-5f1d6ace9f15
072bf0b5-eb79-4f27-8cb0-fe7d59373530,2025-08-04 19:18:08.248862+00,6eb4a7d4-df95-4e15-a220-8c8ac38545ac
072edc27-859d-44bb-b9c7-4e9bc43063b0,2025-05-30 18:02:23.860434+00,c8be5e35-418b-4afd-b583-f5a2e59ef69b
072f2886-3b09-4a90-abd0-ef516d6692e2,2025-08-22 17:16:01.587564+00,e1b30980-b1ef-4ed4-af21-8f755f290192
07307ba2-0e4a-4692-8335-9e9b6f5b678f,2025-06-03 08:25:15.718392+00,40993c03-0338-42b4-a3c2-b13e20bd0022
07436f02-4183-4a1f-a022-107f777fc7b9,2025-06-09 18:15:50.033114+00,a121ccae-f4ba-4e40-b7e3-c42f52141d34
0743c06c-83d1-41bd-acc6-6f692c677762,2025-06-07 08:38:33.074398+00,6b139d49-4da8-4ec8-8db8-b596965273b0
074ad76c-8083-46d3-a96e-dafea1b354ab,2025-06-03 08:34:51.012245+00,04a233ea-c613-442b-b078-d2c8979cecfc
0772b7a5-ac0f-4e1d-b0da-1d80bff6846b,2025-06-02 14:51:11.14952+00,87388c91-8a04-44ee-a930-5e389a3285a5
079d2d9d-ba19-4e35-a260-9b4830853562,2025-07-02 08:22:41.225311+00,41dea018-f10f-412c-9d70-c4f7e8131ab8
07ac52ff-f0e1-497d-90a7-c83b38614331,2025-08-05 01:18:48.106653+00,c8718bee-c77f-46c8-99a0-2b05ef934dcf
080e97f4-0ce7-45d5-96a3-85031188d2c8,2025-08-28 09:28:43.900811+00,de24353a-4116-42ce-9ab6-17cf284a075c
08a25649-d6ef-45fa-98c0-b64abdde1caa,2025-08-20 20:12:25.245862+00,9878cd0c-5411-443d-abc6-77ed1281799a
08a58ca2-f1a5-42b7-a7b6-b9d3b86a5c18,2025-07-29 08:26:11.979756+00,de24353a-4116-42ce-9ab6-17cf284a075c
08c67213-9a63-4bdf-bce4-d1039bb9d9d9,2025-06-20 16:52:42.823919+00,b641e08f-5ef7-41f7-811f-11b3b0eae85d
08e0f0b1-95d6-4735-ad71-7b3bcbbac7c4,2025-06-25 17:25:54.893755+00,f80d1efa-2f07-4933-ae43-0288622718a9
08e72ea2-2527-4c02-8bdd-3e9ce3a42577,2025-08-24 18:05:10.515005+00,ac9b1d36-1825-46e0-9c94-6c1733a5559a
09132d10-4d9a-45da-95da-403e5591e916,2025-08-11 07:56:11.079722+00,71091acc-f3da-4843-bc4b-5f1d6ace9f15
09708c68-211b-4a19-aaac-116ce7492c51,2025-06-01 14:05:38.176451+00,04a233ea-c613-442b-b078-d2c8979cecfc
098be06e-f1d6-4562-a8a8-7c928e53d318,2025-07-09 15:42:38.929717+00,a14c4a9c-4e4b-4980-a163-68a56a0a410e
09be3d47-a06d-45a8-b1c0-6f2231a51373,2025-06-16 13:05:19.041206+00,6eb4a7d4-df95-4e15-a220-8c8ac38545ac
09e46820-260c-450d-91e3-897d74751be1,2025-08-04 14:50:58.066286+00,210b0eb1-b1cd-419d-ac51-8f5c45f6daf7
09e887ed-f03c-4a19-a22c-1a73e14b1807,2025-05-26 16:34:46.938077+00,035e6805-c17b-418a-8f09-364c754ef763
0a0e30e9-7268-45bf-b9f2-459c73049d9b,2025-08-08 00:15:31.557589+00,c8be5e35-418b-4afd-b583-f5a2e59ef69b
0a1d1ab9-c6b2-47b6-ab75-44a7ee983bcf,2025-06-03 09:02:37.151712+00,538af738-c9d7-4ebd-8ecd-b0f32e53a7ee
0a3d0cc7-aca7-4038-934f-a5bea30aa604,2025-07-05 10:02:40.927827+00,fc369258-14b3-49c0-9506-733a7bc16e23
0ac1ad72-69ba-426b-a520-3d96a9ba5c57,2025-08-13 05:35:24.462636+00,89d3cb78-cdc5-4deb-9599-003a1fd21886
0addd4ae-14a1-4a09-a29a-332beadd0467,2025-06-17 05:16:05.181915+00,8656147c-c222-4568-bce0-3a1c5f9fd323
0ae1b9b2-02ea-48e2-b83b-9591ed031ab8,2025-07-21 06:37:56.667559+00,71091acc-f3da-4843-bc4b-5f1d6ace9f15
0ae5a6b1-fddb-4c7b-b105-903f0fc70f2a,2025-06-09 15:52:15.98969+00,098337d2-c7fc-441b-b953-76143f5885f0
0aecba71-5a28-498e-a4a8-2368ad64af79,2025-08-11 07:47:36.793865+00,c8718bee-c77f-46c8-99a0-2b05ef934dcf
0b6114ad-645b-40e5-b5fe-19470a9e83ba,2025-06-01 21:20:36.272251+00,137d7f93-688e-44b3-98c0-86ddd6c844ac
0b6b7b38-b7da-4002-80bd-c74ddee02c6a,2025-05-26 10:01:32.523374+00,39af1087-a3ed-4d49-bf9f-033b5149b83c
0b712a27-e9dc-4229-a10e-c67ffb125405,2025-06-06 12:31:31.829539+00,210b0eb1-b1cd-419d-ac51-8f5c45f6daf7
0b767a7b-63f0-42e6-acc7-ff6bc1da679a,2025-05-24 13:23:41.295631+00,de24353a-4116-42ce-9ab6-17cf284a075c
0bfa7ed7-7ca5-464b-b816-6575847681cb,2025-06-05 09:48:33.811537+00,25260b55-8f5f-41d7-9cd8-3df5160621f4
0c55fae2-0e3e-4030-b8ce-967e92de9249,2025-06-21 09:55:39.115528+00,25260b55-8f5f-41d7-9cd8-3df5160621f4
0c62f6fc-2fe5-4057-9290-0c6157fece6e,2025-07-24 09:18:53.957614+00,c8be5e35-418b-4afd-b583-f5a2e59ef69b
0c7173d1-fbb2-47b1-8008-42b7587639d7,2025-07-30 16:11:41.358506+00,7c9ef69d-b302-4981-88be-e9a4ed393236
0d140e26-5ab3-4f93-9469-79a4a5b33c3e,2025-08-21 04:03:40.343436+00,729957fb-1ca2-45fa-a934-dcde146d7b5a
0d3e2930-f0c1-4fc7-9901-b20b3ad0981b,2025-05-21 08:04:57.767625+00,f02252f9-ca84-4d7b-9f38-af7a04b0a0b0
0d4308c2-a2af-41ed-8482-5bbde53c06e4,2025-06-18 09:06:24.203731+00,1b11a8aa-9433-4bbd-9ffd-6eb741cb6a21
0d60e69d-6b41-49ef-ad3e-ea614f6fce77,2025-06-06 20:40:38.872577+00,30e5835a-a1a3-404f-8b00-4828691cd2b8
0d8301e3-139b-4c85-8a5d-cd387ea8abe5,2025-06-12 10:28:42.133116+00,a15419b2-70af-4644-8dd8-08e144cfbe62
0d9091b2-05f1-43bd-ad6b-55a976074f62,2025-05-28 10:19:10.943994+00,035e6805-c17b-418a-8f09-364c754ef763
0dced246-02fa-4961-91f7-8b9df51482e1,2025-06-27 18:55:49.635167+00,a15419b2-70af-4644-8dd8-08e144cfbe62
0dd1d990-1a3a-4d8c-960c-3069e5ebe473,2025-08-27 11:28:43.674598+00,c8718bee-c77f-46c8-99a0-2b05ef934dcf
0e0da9c3-daed-40c3-8fdf-324dbf9d0942,2025-08-12 11:51:24.061278+00,66a659e4-ee0a-4966-91cc-5a043a6580f3
0e17801b-e35c-4f28-a4de-80a5e1c6bd35,2025-05-27 01:04:41.90872+00,847d22a1-1a73-4021-900e-92dabe99432b
0e251c66-9aab-4ace-bf8a-88a842aad3c1,2025-06-29 14:25:44.432993+00,26fd3f71-80b0-4256-8cb8-ccdd84a18569
0e4dc1cc-9726-4846-b14c-2b6229aeb828,2025-07-21 11:59:08.091642+00,035e6805-c17b-418a-8f09-364c754ef763
0e54f5e7-13c1-4e45-af6a-3e5b294f6484,2025-05-26 09:03:23.880775+00,e7f79f18-c9df-4d69-bc2f-792b81e69563
0e5c1e3d-5bf2-43ba-9cef-2d483d085809,2025-08-09 17:50:56.436606+00,538af738-c9d7-4ebd-8ecd-b0f32e53a7ee
0e6b36c8-f71a-42c0-ad27-e7ded132a83d,2025-08-21 15:10:34.544554+00,87388c91-8a04-44ee-a930-5e389a3285a5
0e7bb555-8e35-45b5-9175-7f4fd7ff8eaf,2025-06-14 09:55:08.993712+00,71091acc-f3da-4843-bc4b-5f1d6ace9f15
0ec9585a-8ed0-4523-b2e6-9f31db84a825,2025-07-18 14:40:58.784648+00,ac9b1d36-1825-46e0-9c94-6c1733a5559a
0ee24bc5-6095-453f-baf8-824c3a6473b2,2025-08-25 11:31:34.856672+00,06cc54a8-bf04-4dd4-8481-cdfaac398a2e
0ef749e6-02f9-4f87-b1ea-911c62ce5c5b,2025-07-18 13:13:11.914113+00,c83fa279-78ed-431e-b017-f3cbf0490c52
0f34241f-df2a-4610-b1f4-3711a2edb2af,2025-06-18 07:45:07.665452+00,a121ccae-f4ba-4e40-b7e3-c42f52141d34
0f48ea6a-0be3-4205-a83f-0fb39da41ecf,2025-07-10 05:00:47.987551+00,847d22a1-1a73-4021-900e-92dabe99432b
0f76dbae-73f3-4508-b9ce-8b5a96dd1d9b,2025-08-26 07:26:32.570622+00,2a5d0240-3e7f-48cc-aed1-536ba4f9a524
0fff9bec-ec03-45aa-b0ab-569c3abcb8ed,2025-06-24 22:34:56.277048+00,210b0eb1-b1cd-419d-ac51-8f5c45f6daf7
10113913-2276-41ed-ab43-571a3311c489,2025-05-28 07:58:07.033161+00,b641e08f-5ef7-41f7-811f-11b3b0eae85d
1040dd50-c1e7-41bd-b8dc-0c8d4b2fbf8d,2025-06-07 00:48:57.820769+00,b917ee43-265c-4cbd-b512-e551efc978a6
10526d7e-5db5-4a66-994e-5546ce36abc7,2025-06-07 13:12:40.951355+00,210b0eb1-b1cd-419d-ac51-8f5c45f6daf7
1054c37b-e39b-4164-9d29-6b29c0b57975,2025-05-27 11:49:54.519179+00,00786864-3ae1-4de6-b04b-7e7235da3a03
106c5fe5-42e2-4e9b-9872-e993bba7162a,2025-08-18 10:02:54.22228+00,5c3a28e7-1df6-4cfb-a628-fd7dc0efbd56
106f0d6d-a093-4332-a5d2-8de879fab23a,2025-07-28 09:53:52.049001+00,fc369258-14b3-49c0-9506-733a7bc16e23
10711337-9d77-4ef3-80bb-eb35d4b0f253,2025-08-15 06:23:44.092615+00,729957fb-1ca2-45fa-a934-dcde146d7b5a
1087f9c4-cea0-4ec8-9904-bb170c87d902,2025-06-16 13:05:34.202939+00,d2e0628f-6779-44ff-81a3-ba367c277c7b
10a10259-ff7c-4547-854c-7e7aaecae2e5,2025-06-01 17:31:58.556562+00,210b0eb1-b1cd-419d-ac51-8f5c45f6daf7
10ab033f-b13c-49cd-8697-5526e6d5f81d,2025-08-20 13:49:05.328915+00,c8718bee-c77f-46c8-99a0-2b05ef934dcf
11558d07-890a-4f1c-90e2-430e68a731c6,2025-06-24 10:45:35.414063+00,2a5d0240-3e7f-48cc-aed1-536ba4f9a524
117e6322-053e-40aa-93b6-e80d19acc20e,2025-07-24 07:09:27.497197+00,7c9ef69d-b302-4981-88be-e9a4ed393236
1197aca8-ce0b-4bb5-875a-7a1a18e9b5ef,2025-05-26 04:54:44.603873+00,c8be5e35-418b-4afd-b583-f5a2e59ef69b
12028d05-aa58-4465-99ce-2dbd604a935e,2025-06-06 12:39:02.958563+00,71091acc-f3da-4843-bc4b-5f1d6ace9f15
120ee41f-bce0-4144-908a-fd8a188a3662,2025-06-18 06:50:49.505784+00,950b4fe5-c307-4b3a-9bec-95059169c721
122c34e4-60aa-4c3a-ba36-c0292cb04095,2025-08-09 05:31:39.302589+00,ac9b1d36-1825-46e0-9c94-6c1733a5559a
12348973-5ec5-4ba4-b9a0-b90854c7c6ff,2025-06-03 06:30:39.906116+00,25260b55-8f5f-41d7-9cd8-3df5160621f4
126a876a-5f4d-4434-a29c-e461b1516afb,2025-05-20 00:00:36.635592+00,41dea018-f10f-412c-9d70-c4f7e8131ab8
12a76dc0-db29-4674-90fc-c22bc729b289,2025-06-11 15:37:53.772507+00,210b0eb1-b1cd-419d-ac51-8f5c45f6daf7
12c046f0-10f0-41f4-a140-11087e81a3dd,2025-06-26 10:41:00.313514+00,de24353a-4116-42ce-9ab6-17cf284a075c
12cbf3e2-1d0f-4946-8690-90f0ef38a7d5,2025-06-09 14:03:41.771653+00,39af1087-a3ed-4d49-bf9f-033b5149b83c
12f44e45-f367-4d9f-886a-583488e8b8e5,2025-06-17 10:51:56.265051+00,f001e25f-0f7f-4c98-8f33-7816e715a749
1342f0ad-ac93-4e6f-9d88-c9ce5511f77f,2025-08-05 15:14:48.116511+00,da34e3f3-1668-4ee4-b898-b373eb0d27f9
136bda2a-36c7-4d38-b92f-3cf0d3acedcd,2025-05-28 23:38:09.921494+00,847d22a1-1a73-4021-900e-92dabe99432b
139b1d5c-504b-4d75-b98d-868e8bb57ac9,2025-06-28 10:33:45.027543+00,7c9ef69d-b302-4981-88be-e9a4ed393236
13f8ca7b-d5e1-4293-a1d4-1de1f4bd2356,2025-08-14 09:20:27.910559+00,1b11a8aa-9433-4bbd-9ffd-6eb741cb6a21
14179151-2d03-4fd5-a3af-5449cf03d463,2025-08-07 07:32:54.79705+00,de24353a-4116-42ce-9ab6-17cf284a075c
14237356-b543-41eb-9503-4bb2f9fd5e5c,2025-08-09 13:09:51.701188+00,89d3cb78-cdc5-4deb-9599-003a1fd21886
1444ebf7-6187-43ef-9300-822e93c10974,2025-06-02 08:29:12.125914+00,538af738-c9d7-4ebd-8ecd-b0f32e53a7ee
14bfeb74-1014-486a-9107-5fceb92579df,2025-07-01 15:46:45.942033+00,6eb4a7d4-df95-4e15-a220-8c8ac38545ac
14f64b5f-b6a9-494f-90d5-f930e2763284,2025-06-25 15:01:29.275119+00,f001e25f-0f7f-4c98-8f33-7816e715a749
152fca9a-d8e3-4081-a686-226624592479,2025-06-19 14:48:09.991227+00,c8be5e35-418b-4afd-b583-f5a2e59ef69b
153918be-a37a-41f2-9731-4b3a85de09ea,2025-06-25 16:33:01.348086+00,c83fa279-78ed-431e-b017-f3cbf0490c52
154827f1-9c71-4b73-8c50-732bb1fe38d8,2025-06-05 07:43:41.442358+00,6eb4a7d4-df95-4e15-a220-8c8ac38545ac
157b4739-a86f-49e9-80c5-bf0f007ae736,2025-07-30 16:12:26.621973+00,ed1e0ba4-e6b4-44ff-a9ef-4411f0dd83ac
1580a143-37da-441e-886a-6c18d7d7656d,2025-06-06 12:35:42.045187+00,825bcfb5-574c-4782-bfb1-8f0b7faeec25
158d8fd9-9b0a-4e0e-ae23-421b8d77d512,2025-06-25 21:21:53.780103+00,1420923d-3e27-4ffb-94eb-ba4aef3067e0
15a1fcde-1d86-4012-aa3c-bcb6bdb8672b,2025-07-28 08:02:30.212392+00,39af1087-a3ed-4d49-bf9f-033b5149b83c
15be4a1e-c2b3-464e-a8c7-cc313dbb4004,2025-08-29 18:08:40.291577+00,098337d2-c7fc-441b-b953-76143f5885f0
15bf2d1d-5d74-4007-9fbe-0a9dd17bdac7,2025-06-15 19:47:54.665043+00,b641e08f-5ef7-41f7-811f-11b3b0eae85d
15c2ab95-3b71-49a8-8a04-fd238b3e55c0,2025-08-12 07:34:34.43523+00,4b2a1a98-e437-4693-a759-ed1152327912
160421d6-f871-4f9c-8152-b64ce9ad23be,2025-06-18 07:37:10.568432+00,a14c4a9c-4e4b-4980-a163-68a56a0a410e
16127588-6f9d-4558-8f5a-49a0ae79acfb,2025-06-05 13:36:13.539905+00,825bcfb5-574c-4782-bfb1-8f0b7faeec25
1650f61c-bdd0-4c5b-9042-9c3e5fb88ee5,2025-06-28 23:07:13.960133+00,66a659e4-ee0a-4966-91cc-5a043a6580f3
16672c9f-6469-4a73-8238-af98a5d1f908,2025-06-29 13:26:33.079682+00,9d0d5845-9e5c-4e63-834e-e71d44361ffe
169a5282-f444-469b-9466-7e30bbdff6eb,2025-05-31 09:05:15.047484+00,c8be5e35-418b-4afd-b583-f5a2e59ef69b
16acbc53-5fa8-41bc-83cd-7d9d26aefa67,2025-08-04 00:56:51.670483+00,f001e25f-0f7f-4c98-8f33-7816e715a749
16c2d132-7cdd-44de-9e09-6e4c56cb7176,2025-08-11 08:22:57.624296+00,fc369258-14b3-49c0-9506-733a7bc16e23
16ef52ac-d602-4321-a562-65070cc4ac69,2025-05-27 12:27:56.685954+00,2a5d0240-3e7f-48cc-aed1-536ba4f9a524
16f050c8-cfd3-4b2a-8024-5f6c37a03fd5,2025-05-26 06:34:16.149548+00,950b4fe5-c307-4b3a-9bec-95059169c721
173ac481-2bfd-4f89-aa40-0a564b793336,2025-07-06 21:42:56.942103+00,c83fa279-78ed-431e-b017-f3cbf0490c52
1786e3dd-4a4e-46fb-8b5c-c8251e97347a,2025-07-15 13:34:13.335122+00,c8be5e35-418b-4afd-b583-f5a2e59ef69b
1792a254-c233-4691-8159-1333d8eed605,2025-07-25 03:45:25.871388+00,fc369258-14b3-49c0-9506-733a7bc16e23
17a6f459-586d-4e13-b91a-f900cf41e1ee,2025-08-07 19:30:46.403574+00,210b0eb1-b1cd-419d-ac51-8f5c45f6daf7
17b2b615-ef9d-4bd3-8be9-de9da60e4df1,2025-06-05 20:36:15.605203+00,e7f79f18-c9df-4d69-bc2f-792b81e69563
17f05dde-8396-4972-a3e7-d9b2716243f6,2025-08-23 00:08:50.916382+00,825bcfb5-574c-4782-bfb1-8f0b7faeec25
1848745e-eedd-42f9-9e13-40adbaa078cf,2025-06-18 08:05:43.048774+00,db1c11aa-2ca6-4f93-a97b-369c29c40d27
1849fa64-3731-4a02-9ab2-f46680f99f31,2025-06-07 21:27:44.150242+00,39af1087-a3ed-4d49-bf9f-033b5149b83c
185450ad-8c1a-4a79-a66e-78eda48c0396,2025-06-04 05:00:02.560445+00,b917ee43-265c-4cbd-b512-e551efc978a6
185b9a4d-fb47-46dd-a616-a4201530e33e,2025-07-10 09:09:54.127389+00,d2e0628f-6779-44ff-81a3-ba367c277c7b
18faa206-dbd6-46c5-b843-6de4bbe3f2c2,2025-05-27 10:19:15.970762+00,26fd3f71-80b0-4256-8cb8-ccdd84a18569
18ff8280-2849-4cca-9275-0b86c33b7bd5,2025-06-15 18:23:38.9886+00,1420923d-3e27-4ffb-94eb-ba4aef3067e0
192dd17e-358b-4699-aac1-f08fe4d8c901,2025-06-20 07:57:15.268816+00,1420923d-3e27-4ffb-94eb-ba4aef3067e0
194cef6a-9c94-4e81-9241-a4b0c74ba541,2025-06-26 15:54:34.148032+00,33b4074e-45d3-47d0-adaa-0f3010c5bb9a
1958cd00-1978-422e-b770-d8f31f9c258e,2025-06-20 07:56:12.068111+00,b917ee43-265c-4cbd-b512-e551efc978a6
195c290d-0113-49da-be71-4a512e056993,2025-06-26 00:00:51.573987+00,c8be5e35-418b-4afd-b583-f5a2e59ef69b
1996f0d0-dcd9-41ee-a1e1-de8d055b7dbb,2025-08-15 05:40:16.50409+00,d47a83a9-1b04-456b-97dd-c383a41a902d
199c940c-aa5e-40df-bb27-e5ef84df12ef,2025-08-06 06:44:39.036544+00,de24353a-4116-42ce-9ab6-17cf284a075c
19bd76a1-a9c7-45ac-a4d6-92208c22818a,2025-08-25 19:49:15.140905+00,f001e25f-0f7f-4c98-8f33-7816e715a749
19cd472a-6c95-429a-b8ba-7edbdc84b4b6,2025-07-12 14:27:07.287038+00,c8be5e35-418b-4afd-b583-f5a2e59ef69b
19d4d71c-3be7-48e3-955e-524235b6c873,2025-07-29 09:44:22.646877+00,729957fb-1ca2-45fa-a934-dcde146d7b5a
19d619a0-5e9f-4482-a2ef-9957119f70ce,2025-07-24 17:59:09.389311+00,4b2a1a98-e437-4693-a759-ed1152327912
19da539f-1260-486e-8ebc-fe147d1e2229,2025-07-13 14:01:38.073067+00,89d3cb78-cdc5-4deb-9599-003a1fd21886
19e2ac43-0e23-4ab0-9d17-694878ebd83a,2025-06-02 23:15:49.631182+00,950b4fe5-c307-4b3a-9bec-95059169c721
1a051d97-00f4-48ae-8c83-fd49502901d5,2025-08-13 02:43:06.732195+00,7615eba0-4874-4cdf-ad0f-f42683eeee4c
1a1d9447-5713-4c48-a131-f8a971fc8584,2025-06-03 09:00:31.798746+00,e7f79f18-c9df-4d69-bc2f-792b81e69563
1a45ac1f-d7df-4fd3-88de-c8333ef0a55c,2025-06-26 09:34:58.087045+00,71091acc-f3da-4843-bc4b-5f1d6ace9f15
1a79a517-2b81-4b4d-823e-e50f20dd6468,2025-07-17 14:09:49.310003+00,c8be5e35-418b-4afd-b583-f5a2e59ef69b
1a8aa140-5b0d-4abe-af20-c9157ab5b0d6,2025-05-23 08:13:28.127616+00,f02252f9-ca84-4d7b-9f38-af7a04b0a0b0
1a8c5321-0612-42ec-9507-3dc9fab1cf24,2025-07-16 11:37:07.568899+00,de24353a-4116-42ce-9ab6-17cf284a075c
1a94bcc0-ae5b-4a15-9277-ab8891476461,2025-06-04 09:58:29.784356+00,825bcfb5-574c-4782-bfb1-8f0b7faeec25
1af4f054-83cd-40ff-9e22-ce1fb4594739,2025-08-11 06:03:30.23287+00,950b4fe5-c307-4b3a-9bec-95059169c721
1b61aea1-3d69-49fe-a617-90c421ea23f2,2025-08-08 08:15:55.117725+00,f001e25f-0f7f-4c98-8f33-7816e715a749
1b624846-a446-4f0d-8618-df1dc5ccc671,2025-08-27 00:55:49.597634+00,f6e7916c-72fa-4ebc-8567-062a632a65ef
1b8ed8cf-f14d-40ec-bbdf-695a1ffd1632,2025-05-29 22:20:52.219553+00,9d0d5845-9e5c-4e63-834e-e71d44361ffe
1bbd94d5-5efa-450d-b180-c4e08ad78cfc,2025-07-01 17:30:21.792148+00,30e5835a-a1a3-404f-8b00-4828691cd2b8
1bd14818-58b4-43d1-8942-eac9ec007c19,2025-08-19 01:57:25.67073+00,729957fb-1ca2-45fa-a934-dcde146d7b5a
1c01f09a-cfd7-4290-acd6-4261fa067971,2025-08-02 18:50:11.40734+00,89d3cb78-cdc5-4deb-9599-003a1fd21886
1c0ecad2-c62b-4ca7-91be-95a74983b667,2025-08-08 11:20:38.380983+00,b641e08f-5ef7-41f7-811f-11b3b0eae85d
1c4d5e5b-d41f-4065-8c8d-46ee22fce4f0,2025-07-14 09:55:33.923598+00,b641e08f-5ef7-41f7-811f-11b3b0eae85d
1c6e23b0-8692-4f32-aeb5-1d1edd041904,2025-06-16 13:05:23.637124+00,71091acc-f3da-4843-bc4b-5f1d6ace9f15
1c77f7f5-8690-4309-803c-efd5e4223386,2025-05-20 18:05:04.126872+00,e7f79f18-c9df-4d69-bc2f-792b81e69563
1c8b1b0c-4745-4912-9353-7606ca7e894e,2025-07-14 22:47:51.710186+00,1b11a8aa-9433-4bbd-9ffd-6eb741cb6a21
1c9f9b92-8bbc-4b0b-ba08-1d0b7b610950,2025-05-23 08:32:52.686927+00,0376abac-d860-4654-8968-b17dc3bb590d
1cc13893-1b95-4e95-8c64-ff5ad50bf65a,2025-06-30 14:33:09.127436+00,de24353a-4116-42ce-9ab6-17cf284a075c
1ce22a09-dfef-47ac-889e-be5baeaa84ab,2025-06-04 08:33:03.669469+00,b641e08f-5ef7-41f7-811f-11b3b0eae85d
1ce44bfa-3b69-4437-bbad-81ef733ebe46,2025-08-01 07:06:26.423869+00,30e5835a-a1a3-404f-8b00-4828691cd2b8
1d5b79a9-f695-4e55-8380-39348ad495fb,2025-06-23 18:36:57.101878+00,de24353a-4116-42ce-9ab6-17cf284a075c
1e142064-ec12-4670-bda3-d2929a00dd7b,2025-05-26 12:02:24.725011+00,25260b55-8f5f-41d7-9cd8-3df5160621f4
1e17fb9d-67fc-4232-a0f1-37e111c6f2bf,2025-08-02 19:00:59.584246+00,87388c91-8a04-44ee-a930-5e389a3285a5
1e6799c2-0702-4907-8844-27cba03c6245,2025-07-31 04:39:19.005536+00,89d3cb78-cdc5-4deb-9599-003a1fd21886
1e947524-de1c-4975-8a6a-199e2422d14c,2025-08-02 16:51:46.947533+00,b641e08f-5ef7-41f7-811f-11b3b0eae85d
1eec56cd-d30d-42f3-abc0-687b45a42965,2025-08-26 20:11:47.054968+00,825bcfb5-574c-4782-bfb1-8f0b7faeec25
1f0745d4-c835-41d5-ab71-ecb0078dd38e,2025-06-07 09:56:35.614807+00,71091acc-f3da-4843-bc4b-5f1d6ace9f15
1f0dfb02-4ed3-42de-a090-2e6b2b4e320a,2025-06-13 12:51:24.014104+00,25260b55-8f5f-41d7-9cd8-3df5160621f4
1f1df30c-a0ad-4394-9617-b94b6ee80818,2025-08-12 05:57:57.721394+00,89d3cb78-cdc5-4deb-9599-003a1fd21886
1f3047e0-83a6-4737-b0ae-dfb8479b87be,2025-05-29 16:29:09.704731+00,210b0eb1-b1cd-419d-ac51-8f5c45f6daf7
1f3355e6-5e47-4fe9-b4e9-7354f89b7386,2025-06-06 05:54:02.25133+00,6b139d49-4da8-4ec8-8db8-b596965273b0
1f45b548-8611-42e3-b44d-e17f16125fa2,2025-05-23 08:54:42.746869+00,035e6805-c17b-418a-8f09-364c754ef763
1f73a5a9-3018-4f4d-b8e6-a93695174ff5,2025-08-05 05:47:20.458095+00,25260b55-8f5f-41d7-9cd8-3df5160621f4
1f89ecc2-dfae-4cf5-928c-9a221369c5c5,2025-07-22 20:43:45.995249+00,1420923d-3e27-4ffb-94eb-ba4aef3067e0
1fd7466d-13d9-46a9-854d-f7c78fefd296,2025-08-01 19:55:37.562221+00,89d3cb78-cdc5-4deb-9599-003a1fd21886
205cd0d0-a351-4ea5-8fe8-f19ccf8dd547,2025-05-27 10:38:51.535719+00,035e6805-c17b-418a-8f09-364c754ef763
207101a0-c873-4229-af4b-f7386948b8bc,2025-06-19 08:44:37.090215+00,b917ee43-265c-4cbd-b512-e551efc978a6
2080498e-f3e6-47e8-98de-4d6ddac4f238,2025-07-03 19:21:05.337158+00,538af738-c9d7-4ebd-8ecd-b0f32e53a7ee
20c1e8b3-c4e0-4ca3-b84c-cbcca66e77e4,2025-08-04 15:49:24.351359+00,b917ee43-265c-4cbd-b512-e551efc978a6
21044401-c326-48d5-8592-3e115ac603b1,2025-07-13 17:55:58.097114+00,589df19a-051c-4f26-a538-b212fa373953
21940a0f-baed-470c-af53-9f84e0b0e1c5,2025-06-20 10:59:08.288692+00,6eb4a7d4-df95-4e15-a220-8c8ac38545ac
219a5c3c-9a4c-46c7-9354-1220ced34530,2025-08-26 07:26:52.637101+00,7c9ef69d-b302-4981-88be-e9a4ed393236
21c53a6a-ba2e-49e4-ba8d-023b6e040bb3,2025-07-01 05:43:02.881257+00,66a659e4-ee0a-4966-91cc-5a043a6580f3
21cbdbb0-e254-4a8f-9411-e6940a075610,2025-08-18 08:20:20.608399+00,57946524-60c0-4854-9dfe-3f8087f61f1f
22755777-6766-4680-b8dc-7934cfcbc349,2025-08-29 09:55:31.520334+00,89d3cb78-cdc5-4deb-9599-003a1fd21886
22ab0d9f-8557-4b88-8cb3-303adf9b96de,2025-06-11 14:23:04.525341+00,f80d1efa-2f07-4933-ae43-0288622718a9
22f4bb39-edb6-4c04-9662-93ea5635bd66,2025-06-03 12:37:11.038677+00,c8be5e35-418b-4afd-b583-f5a2e59ef69b
237fd680-a92e-4007-996f-54cd5c6dd54b,2025-08-14 05:33:42.642148+00,89d3cb78-cdc5-4deb-9599-003a1fd21886
239c897d-9ab3-423d-8d83-c91b48d9b2e2,2025-05-29 03:49:32.345473+00,b641e08f-5ef7-41f7-811f-11b3b0eae85d
23ae2bb6-015e-4f01-9aeb-a63d841ef840,2025-07-28 06:15:29.782365+00,83a6d6c1-0ed1-4332-8fbb-9dea9216bccd
23f60296-5f99-45fb-ad0f-93f2d9ff280f,2025-07-02 18:37:41.198219+00,1420923d-3e27-4ffb-94eb-ba4aef3067e0
240b16e2-cb2e-4f62-8f1d-3b7313654a76,2025-06-18 07:45:02.264147+00,8656147c-c222-4568-bce0-3a1c5f9fd323
2413fea5-e5f8-4793-ad34-38af622e919c,2025-08-08 01:05:48.06817+00,da34e3f3-1668-4ee4-b898-b373eb0d27f9
2423d4cc-9f05-461f-ac60-9a3c802d440e,2025-05-23 08:54:56.872991+00,41dea018-f10f-412c-9d70-c4f7e8131ab8
24525dc3-7452-4dff-9d08-e87f9a40cc5d,2025-08-09 07:46:03.168803+00,1b11a8aa-9433-4bbd-9ffd-6eb741cb6a21
249b831b-189e-4215-afc5-c0a28f012556,2025-07-27 19:21:38.834402+00,6b139d49-4da8-4ec8-8db8-b596965273b0
259b8b80-9b3c-410a-b019-03c58919d19f,2025-06-17 08:17:40.225155+00,210b0eb1-b1cd-419d-ac51-8f5c45f6daf7
25aa1bc0-97bb-4b21-b244-45b60b496e17,2025-06-02 09:29:28.267583+00,c8be5e35-418b-4afd-b583-f5a2e59ef69b
25e0fa7f-5836-4deb-9815-1e1f7a8fb8c7,2025-08-22 13:35:12.585739+00,ac9b1d36-1825-46e0-9c94-6c1733a5559a
25f740a1-fc20-475b-af68-dd6597f6c58e,2025-05-30 13:25:39.944507+00,1420923d-3e27-4ffb-94eb-ba4aef3067e0
26020a60-3d9a-4863-9706-b79380813ce0,2025-06-03 00:33:03.412572+00,6eb4a7d4-df95-4e15-a220-8c8ac38545ac
26aca284-6f47-4b90-98ca-84fcd12e8990,2025-06-16 13:30:25.825542+00,8656147c-c222-4568-bce0-3a1c5f9fd323
26bc2c77-d852-4771-a2d1-31a5a7d85a58,2025-05-27 07:24:03.913229+00,e7f79f18-c9df-4d69-bc2f-792b81e69563
272894a8-7ca5-424b-a548-e9c10895eafd,2025-07-27 17:08:04.926279+00,fc369258-14b3-49c0-9506-733a7bc16e23
276b6dde-7f27-4082-b445-e31597790eaa,2025-08-14 05:28:13.982942+00,ac9b1d36-1825-46e0-9c94-6c1733a5559a
277a192f-af20-4088-a3fa-f3ded034d3f9,2025-05-27 06:13:50.976084+00,210b0eb1-b1cd-419d-ac51-8f5c45f6daf7
27ac7e49-1823-4245-9a9a-64e1129c81b8,2025-07-16 08:01:25.428876+00,04a233ea-c613-442b-b078-d2c8979cecfc
27c824bf-76f1-41b2-a2dd-eb59ffc625e7,2025-06-20 11:18:40.282804+00,25260b55-8f5f-41d7-9cd8-3df5160621f4
27d534c3-19d3-4579-af7f-8f635bbe34a7,2025-07-11 08:16:04.697047+00,fc369258-14b3-49c0-9506-733a7bc16e23
284f1b06-3ca3-4921-a6cf-ef44ff8e1c96,2025-08-26 11:32:37.749954+00,847d22a1-1a73-4021-900e-92dabe99432b
289276a4-43cb-44d4-98ba-cced46ff9bd4,2025-07-30 15:51:01.322774+00,950b4fe5-c307-4b3a-9bec-95059169c721
28d3440f-5457-4674-a459-1b9f8cd3953b,2025-06-14 09:45:17.129878+00,210b0eb1-b1cd-419d-ac51-8f5c45f6daf7
28de0d37-b400-4e6e-910f-161c6d66a89e,2025-07-20 14:25:48.800084+00,ed1e0ba4-e6b4-44ff-a9ef-4411f0dd83ac
293644ee-6029-45bf-a36c-a148d2a97751,2025-08-22 06:54:13.844047+00,de24353a-4116-42ce-9ab6-17cf284a075c
293c0937-58ca-4466-a74a-15f83e1c8cab,2025-08-03 01:02:44.413968+00,66a659e4-ee0a-4966-91cc-5a043a6580f3
29637909-b3d2-4135-8f3a-88321b07469c,2025-06-13 20:20:32.994234+00,39af1087-a3ed-4d49-bf9f-033b5149b83c
297a0c50-7cc6-4fc9-b005-4ead1f8b642f,2025-08-12 11:17:33.893663+00,5c3a28e7-1df6-4cfb-a628-fd7dc0efbd56
29a4d2c8-4c5d-45a0-940e-d779767d0d31,2025-06-19 07:55:41.885685+00,1420923d-3e27-4ffb-94eb-ba4aef3067e0
29accb93-80cc-4a77-9b1f-93e957882a98,2025-05-27 14:05:21.016483+00,f001e25f-0f7f-4c98-8f33-7816e715a749
29c89b28-153a-424b-945f-e91bc1098e6a,2025-08-02 16:47:02.153592+00,09019473-818b-42e0-8583-76b0ac50436b
29e971bf-da05-4e30-a633-253c97252a3a,2025-08-07 13:35:39.326873+00,847d22a1-1a73-4021-900e-92dabe99432b
2a1314f2-26a9-4d8c-b842-b3e313acdf4e,2025-06-06 07:54:33.328062+00,25260b55-8f5f-41d7-9cd8-3df5160621f4
2a605a5a-715f-4ddd-bc82-41135135161a,2025-07-20 04:37:41.948015+00,f80d1efa-2f07-4933-ae43-0288622718a9
2a644647-900c-4bbd-8127-b8597ab21ce6,2025-08-08 11:32:39.029017+00,facd3f57-5262-4169-9046-8a1157cf4c0a
2aa5abf0-ee77-4a72-9265-a3ed28d17edc,2025-07-13 04:11:28.70125+00,57946524-60c0-4854-9dfe-3f8087f61f1f
2aaac699-9170-47dd-b21a-e9380f8c5086,2025-07-06 12:45:08.080014+00,847d22a1-1a73-4021-900e-92dabe99432b
2af77b82-a537-4a98-85ed-90a8fee40ba8,2025-05-31 16:24:41.276466+00,ae51581b-553c-48d3-8233-25920e96f677
2b8a4648-fa43-412e-901a-cc9f28c66c40,2025-07-26 12:48:34.110559+00,89d3cb78-cdc5-4deb-9599-003a1fd21886
2cd7cae6-0b03-4daa-8e8d-a7430b516b25,2025-06-13 13:45:05.411206+00,04a233ea-c613-442b-b078-d2c8979cecfc
2cf3bbf7-0d94-414f-9373-53fd0b973080,2025-07-13 07:56:32.021305+00,847d22a1-1a73-4021-900e-92dabe99432b
2cf6e82c-ec8d-4489-9a60-142798a10468,2025-08-07 08:26:34.270189+00,04a233ea-c613-442b-b078-d2c8979cecfc
2d0e632c-32f2-497b-98bc-8c0b3a0a4b9f,2025-07-31 09:26:28.751008+00,c8be5e35-418b-4afd-b583-f5a2e59ef69b
2d10991b-3059-4a41-b2a8-e9beb40e8676,2025-06-17 13:06:59.043709+00,b641e08f-5ef7-41f7-811f-11b3b0eae85d
2d24c6ad-f965-4c2a-8bd3-c5dd87333679,2025-08-15 03:05:15.082167+00,1b11a8aa-9433-4bbd-9ffd-6eb741cb6a21
2d395495-d232-4ee4-853a-abd8b272869e,2025-06-10 01:41:11.133098+00,f80d1efa-2f07-4933-ae43-0288622718a9
2d6b1f15-15d3-47a0-a9cf-f6ce57af0e58,2025-07-26 05:27:18.261661+00,ae51581b-553c-48d3-8233-25920e96f677
2d7d032f-60dd-470f-9d7f-6b72c466e284,2025-07-11 19:14:21.206621+00,950b4fe5-c307-4b3a-9bec-95059169c721
2d84323f-6e39-42cd-8eda-cc44bd50b842,2025-07-04 18:44:10.083193+00,51c36632-72da-45b5-8d81-071251854d50
2dde8fc4-c8e1-434c-9056-abb39ba21a00,2025-07-19 08:44:06.310494+00,f001e25f-0f7f-4c98-8f33-7816e715a749
2e21d4aa-141f-4417-abde-46f220f21bdf,2025-08-03 13:40:21.913735+00,a15419b2-70af-4644-8dd8-08e144cfbe62
2e26e661-b1c6-441a-8915-81277795d100,2025-07-30 00:05:34.810683+00,66a659e4-ee0a-4966-91cc-5a043a6580f3
2e281c26-44eb-4590-81fc-4cb4cc86853f,2025-05-27 16:51:40.603861+00,1b11a8aa-9433-4bbd-9ffd-6eb741cb6a21
2e44e880-6605-4eab-8388-86a012ed3b25,2025-07-04 22:41:36.492978+00,57946524-60c0-4854-9dfe-3f8087f61f1f
2e539af4-f162-4cd8-84b9-6e239dc6ffec,2025-07-04 17:11:12.739343+00,137d7f93-688e-44b3-98c0-86ddd6c844ac
2e55165a-6928-4ac7-909e-0fea98c299cc,2025-07-28 09:30:12.044048+00,d47a83a9-1b04-456b-97dd-c383a41a902d
2edddd93-3eed-45f3-8e6e-62c42508d1ab,2025-07-30 04:02:29.814856+00,729957fb-1ca2-45fa-a934-dcde146d7b5a
2f47af77-bed8-406c-978c-131b99fb0a8d,2025-06-08 05:02:10.949449+00,71091acc-f3da-4843-bc4b-5f1d6ace9f15
2fdac196-47e4-4e19-beb8-d6710b7a25f2,2025-08-16 19:22:36.194985+00,c8be5e35-418b-4afd-b583-f5a2e59ef69b
301f3f62-e995-4af0-9057-d91a4435fc37,2025-07-21 18:39:54.893667+00,538af738-c9d7-4ebd-8ecd-b0f32e53a7ee
30a86e1b-7f4b-4cd0-8f44-a06085589f46,2025-05-26 13:55:21.475126+00,9d0d5845-9e5c-4e63-834e-e71d44361ffe
310555ef-612c-4c5e-a137-6e9b79af284f,2025-08-09 13:48:23.721599+00,de24353a-4116-42ce-9ab6-17cf284a075c
3111e86f-40e0-4031-9334-c02c0b30406a,2025-08-10 16:11:20.207016+00,71091acc-f3da-4843-bc4b-5f1d6ace9f15
31214bd0-452d-4b07-a40d-e86ba658bb87,2025-08-11 17:47:20.519979+00,ac9b1d36-1825-46e0-9c94-6c1733a5559a
313d0156-d551-487a-b35a-637f86611526,2025-08-18 00:04:34.444532+00,c8718bee-c77f-46c8-99a0-2b05ef934dcf
314f5433-10ee-48f0-ab6a-7bc246f6e506,2025-08-13 06:11:23.481894+00,950b4fe5-c307-4b3a-9bec-95059169c721
318a5028-bc63-45e9-a74b-04e3e05f670e,2025-08-28 15:27:38.081216+00,6b139d49-4da8-4ec8-8db8-b596965273b0
3190ee33-659f-42fc-a717-8278228b2329,2025-08-05 07:23:16.199003+00,729957fb-1ca2-45fa-a934-dcde146d7b5a
319a7e29-696c-4387-b648-e6888bab1c51,2025-05-23 09:52:35.310198+00,2a5d0240-3e7f-48cc-aed1-536ba4f9a524
319d7bc9-1c8f-46fa-898c-5bcfc893c68b,2025-07-31 13:54:49.321812+00,57946524-60c0-4854-9dfe-3f8087f61f1f
321025b5-b3cf-4118-8e32-9e4aa4474e9e,2025-07-27 09:03:21.304405+00,a15419b2-70af-4644-8dd8-08e144cfbe62
323f8d36-b812-48f6-879c-49fddb69811b,2025-07-26 14:34:44.38928+00,fc369258-14b3-49c0-9506-733a7bc16e23
32781030-f175-40b0-9741-746f0d64a5f5,2025-05-26 13:55:46.891942+00,137d7f93-688e-44b3-98c0-86ddd6c844ac
3300f5ae-363b-4bef-b069-2d689eb43c3f,2025-06-25 13:46:08.820976+00,3562906a-53db-44a5-ae59-756fb7a5b678
332c6605-b2f5-435b-af66-545980a14b95,2025-07-29 12:22:49.069233+00,c8718bee-c77f-46c8-99a0-2b05ef934dcf
33447d73-8054-410f-ac9b-3d4e2cb75e54,2025-08-18 09:52:45.678734+00,fc369258-14b3-49c0-9506-733a7bc16e23
3407885f-8f5a-4cfa-b2ca-64e905f293da,2025-08-18 18:19:08.99058+00,b641e08f-5ef7-41f7-811f-11b3b0eae85d
34223803-49ba-4201-8b01-65f9555b4829,2025-08-06 11:13:52.421935+00,fc369258-14b3-49c0-9506-733a7bc16e23
3441af66-9202-4b51-9234-6f5dbaa07bce,2025-08-16 02:55:36.120549+00,de24353a-4116-42ce-9ab6-17cf284a075c
34ffd1c0-0eef-4ae1-b9ad-50c498a28dd6,2025-08-20 19:23:29.198965+00,098337d2-c7fc-441b-b953-76143f5885f0
35a48d86-a5f9-4d30-a508-dc4e5039f7f8,2025-06-20 08:23:07.332003+00,137d7f93-688e-44b3-98c0-86ddd6c844ac
35b1aeba-5908-4320-8e63-b83caebf93a2,2025-08-04 07:22:38.872884+00,af36623a-9a15-4cf3-ae95-25a0587c0de6
35f011af-85e0-4689-ab5f-1972e8052d51,2025-06-14 17:59:46.739663+00,ae51581b-553c-48d3-8233-25920e96f677
3627aa3d-b990-45a8-bbfb-9a7d6d67d629,2025-08-05 16:06:16.250706+00,87388c91-8a04-44ee-a930-5e389a3285a5
364fc6f7-4fb5-4ee8-9388-6cd9336a23b4,2025-08-04 09:45:55.149982+00,ac9b1d36-1825-46e0-9c94-6c1733a5559a
36e4b396-e01d-49bb-9e5c-68bf6082c161,2025-06-10 15:51:59.240851+00,25260b55-8f5f-41d7-9cd8-3df5160621f4
36fb077b-f0ab-4bc9-81b7-960a6c892707,2025-06-11 14:10:57.086477+00,25260b55-8f5f-41d7-9cd8-3df5160621f4
370d1983-0a24-4a63-89f2-4ddaa36f33d7,2025-08-19 15:35:11.874815+00,fc369258-14b3-49c0-9506-733a7bc16e23
3767fe09-6326-4212-a9fe-f9c08e8b29da,2025-06-23 11:41:56.579688+00,9d0d5845-9e5c-4e63-834e-e71d44361ffe
376f3b62-5fee-44a3-af34-330ea47b7690,2025-05-23 20:03:39.595644+00,1e535c34-988e-452b-90ed-ce43699ec3a2
3780b8b8-8352-4291-ac6c-5f0623e2631c,2025-08-21 20:18:32.653873+00,ac9b1d36-1825-46e0-9c94-6c1733a5559a
37881566-079e-4c3c-bb22-f440334129a1,2025-08-25 08:19:29.047077+00,729957fb-1ca2-45fa-a934-dcde146d7b5a
37af17c9-d7b2-423d-ba2f-eefcb4600563,2025-06-03 08:21:30.493495+00,cf85e9e2-6610-451a-b376-22669424e3bd
37ebdbb2-48ad-430e-9adc-28e2042da7f3,2025-05-21 08:00:51.757475+00,cf85e9e2-6610-451a-b376-22669424e3bd
382dc8d3-f9e8-4575-b804-4c651fef9768,2025-05-27 10:05:11.415563+00,b641e08f-5ef7-41f7-811f-11b3b0eae85d
38efdfbf-dcc9-423b-91a0-fff62880ffeb,2025-07-31 07:22:12.228317+00,7c9ef69d-b302-4981-88be-e9a4ed393236
38fb5994-dbfe-4326-8a09-fbf72a4bb692,2025-08-19 15:55:38.555381+00,57946524-60c0-4854-9dfe-3f8087f61f1f
393a186b-05d2-4c94-b9b1-8bc4d2ddb2f4,2025-08-26 16:38:16.192063+00,c8be5e35-418b-4afd-b583-f5a2e59ef69b
393c4d01-3613-4033-ba88-589322834bb3,2025-06-06 06:03:04.416592+00,6eb4a7d4-df95-4e15-a220-8c8ac38545ac
39753c3c-8ff8-4348-8acc-f9ead6af9305,2025-08-06 05:52:07.191199+00,26fd3f71-80b0-4256-8cb8-ccdd84a18569
399ea4e3-169e-4ff7-9cc8-7bcb35e9fee8,2025-06-19 05:53:55.812473+00,ae51581b-553c-48d3-8233-25920e96f677
39a39846-b6d2-4518-85fa-506850e5eeb3,2025-07-30 15:36:38.48487+00,1bdfe47e-be9d-459c-9270-627aa6420e04
39cf6908-2266-4adb-9b8d-c4eefb6baf62,2025-08-28 11:52:33.461114+00,c8718bee-c77f-46c8-99a0-2b05ef934dcf
39e3f1fa-1c81-43f8-aacf-94e760881aa7,2025-08-23 11:08:42.60908+00,71091acc-f3da-4843-bc4b-5f1d6ace9f15
39e9b590-fdf6-4369-a6a6-f59f52e41c03,2025-06-21 16:20:03.265398+00,71091acc-f3da-4843-bc4b-5f1d6ace9f15
39ed5155-b774-4d86-9d6b-237423ccad60,2025-06-02 13:10:04.173269+00,f02252f9-ca84-4d7b-9f38-af7a04b0a0b0
3a3ddb31-b8dc-4082-9403-3255a35ecef6,2025-08-30 15:27:19.067556+00,6b139d49-4da8-4ec8-8db8-b596965273b0
3a602770-a495-4adb-b276-0db7fd1b0144,2025-05-27 12:05:23.511234+00,a121ccae-f4ba-4e40-b7e3-c42f52141d34
3aa556fa-0c0d-4b0a-ae72-d02fff9028b7,2025-08-01 17:50:40.836892+00,8656147c-c222-4568-bce0-3a1c5f9fd323
3aa70e5f-76b1-4c33-9bce-740e3fc56c87,2025-05-30 09:05:45.355338+00,825bcfb5-574c-4782-bfb1-8f0b7faeec25
3af1ed85-e8b3-4220-ad55-955449e191f7,2025-06-08 10:06:05.752437+00,1420923d-3e27-4ffb-94eb-ba4aef3067e0
3b0502fd-80d9-41a4-ae55-df61cf6147e8,2025-08-07 17:07:14.975341+00,c8718bee-c77f-46c8-99a0-2b05ef934dcf
3b5c0d03-f20d-43dc-a60d-e45ec56d9a24,2025-07-10 20:06:19.252264+00,f001e25f-0f7f-4c98-8f33-7816e715a749
3b69f54a-9328-45c4-b4d5-68e18e08b5ee,2025-06-16 11:08:47.780501+00,b641e08f-5ef7-41f7-811f-11b3b0eae85d
3c30719b-2118-4ec6-a782-0d48b452e0ff,2025-08-05 00:08:13.925874+00,d47a83a9-1b04-456b-97dd-c383a41a902d
3c54f8e2-faef-495e-8454-8caa497dbe6d,2025-06-17 11:42:52.364493+00,25260b55-8f5f-41d7-9cd8-3df5160621f4
3c563a81-7225-4193-8396-040f14678e07,2025-05-27 18:36:20.2669+00,30e5835a-a1a3-404f-8b00-4828691cd2b8
3c5ad53f-d768-40d6-8bf6-b71837271612,2025-06-19 09:24:05.088779+00,035e6805-c17b-418a-8f09-364c754ef763
3c879b2b-beff-48e3-84f2-2a47ba37766a,2025-05-22 00:13:45.050841+00,41dea018-f10f-412c-9d70-c4f7e8131ab8
3cd31cbb-c3b8-4b25-b610-dbd4f5bac0be,2025-06-14 13:47:21.026892+00,de24353a-4116-42ce-9ab6-17cf284a075c
3ce065d9-ab8c-4e06-85c5-f0e4b525ae33,2025-05-26 14:30:57.729505+00,71091acc-f3da-4843-bc4b-5f1d6ace9f15
3cfd9752-a149-4258-9358-f0f04c90189b,2025-06-03 23:22:48.904605+00,0376abac-d860-4654-8968-b17dc3bb590d
3d1e6587-f93d-4852-8c13-81160b6cba8f,2025-08-26 17:14:30.815382+00,729957fb-1ca2-45fa-a934-dcde146d7b5a
3d346248-fa6e-4200-8129-cfabf4d83445,2025-06-03 11:29:12.04726+00,137d7f93-688e-44b3-98c0-86ddd6c844ac
3d7898e3-4409-4626-a172-04c9ecb7dba9,2025-06-22 09:19:47.744384+00,6b139d49-4da8-4ec8-8db8-b596965273b0
3d79d9fd-f7a1-41dd-9090-6637cffdccaa,2025-08-26 07:20:09.868867+00,3562906a-53db-44a5-ae59-756fb7a5b678
3d84e200-f972-4156-b5d0-8648efbf69b8,2025-08-05 06:27:15.322456+00,210b0eb1-b1cd-419d-ac51-8f5c45f6daf7
3da57b40-c15a-4481-86ec-6c16f9dbe1c4,2025-07-10 08:41:22.470344+00,04a233ea-c613-442b-b078-d2c8979cecfc
3dae4f95-68e3-447b-9d46-2cb7bb518f32,2025-07-17 17:58:16.293007+00,6b139d49-4da8-4ec8-8db8-b596965273b0
3dc94359-8d4d-47ff-98e3-250c3bec362f,2025-05-27 17:34:11.525555+00,5ac75ad5-ecac-47f1-bf9b-52bd9f1f420c
3de62805-2efb-49a6-823d-aa1f4df8cdaa,2025-07-21 07:15:06.87379+00,3b286e59-06b1-4ff8-920c-e53c4994256a
3e1dafb2-9248-4198-aceb-5c34cbcd86c0,2025-06-09 16:43:37.792941+00,c8be5e35-418b-4afd-b583-f5a2e59ef69b
3e27302a-b73d-440d-b400-29d04be2cd0a,2025-07-04 13:22:10.812626+00,589df19a-051c-4f26-a538-b212fa373953
3e2fff0b-0f4d-4805-9cc4-b744a8a10a93,2025-05-27 11:49:24.863795+00,ae51581b-553c-48d3-8233-25920e96f677
3e48affc-54b3-4031-9a53-1ab672171fdd,2025-07-30 17:44:05.142071+00,d88135b4-bdcd-4e9a-8073-4ef4fcdc2d03
3e664b0c-b269-4578-a5db-1e23e2752210,2025-07-07 08:00:37.554795+00,d2e0628f-6779-44ff-81a3-ba367c277c7b
3ec66b9e-3297-49c2-9c15-178582719897,2025-08-13 10:07:51.049732+00,538af738-c9d7-4ebd-8ecd-b0f32e53a7ee
3f801ee2-9122-4057-ad0e-d2fab5af050f,2025-07-31 19:03:26.715146+00,7ab05933-9292-49a5-a8e4-74ddbce75789
3f867fb1-eba4-4783-842a-f2d7c448d835,2025-06-05 11:13:00.591298+00,c8be5e35-418b-4afd-b583-f5a2e59ef69b
3fc40b9e-8ce2-4157-b935-a8d2c14f1637,2025-07-12 14:56:20.108858+00,f80d1efa-2f07-4933-ae43-0288622718a9
3fc7d4a2-616c-4e47-be45-fff7b69d1398,2025-06-07 04:01:43.3821+00,26fd3f71-80b0-4256-8cb8-ccdd84a18569
3ffa74a1-7e46-421e-b194-7691af79f57c,2025-08-03 08:41:23.795166+00,729957fb-1ca2-45fa-a934-dcde146d7b5a
4071a450-3fbe-46a7-b93c-e310b02ac785,2025-07-19 18:33:06.781164+00,db1c11aa-2ca6-4f93-a97b-369c29c40d27
4098960e-5b6f-4de4-8df5-69f933d61068,2025-08-05 06:58:43.162615+00,e1b30980-b1ef-4ed4-af21-8f755f290192
40a1448d-971b-485c-b603-cf5aed9f65f9,2025-05-23 09:50:44.854373+00,5ac75ad5-ecac-47f1-bf9b-52bd9f1f420c
41066bfc-c847-4b38-908f-11d678026358,2025-05-23 11:22:29.299581+00,e7f79f18-c9df-4d69-bc2f-792b81e69563
417bf90b-b0c2-4a05-97af-06e610180cf0,2025-05-30 09:09:37.584157+00,de24353a-4116-42ce-9ab6-17cf284a075c
41a04917-43c9-48dc-9d16-a7aed8987a07,2025-06-19 10:25:53.099699+00,210b0eb1-b1cd-419d-ac51-8f5c45f6daf7
41a24742-ce86-4201-9fd9-5a2ac463fb86,2025-07-26 23:01:07.302885+00,a15419b2-70af-4644-8dd8-08e144cfbe62
41ab099e-393c-4371-917a-a3bfde6452da,2025-07-07 12:30:10.78273+00,71091acc-f3da-4843-bc4b-5f1d6ace9f15
41caa6d0-2c91-4c95-b9b4-8e91a9f37605,2025-05-29 09:19:44.897692+00,5ac75ad5-ecac-47f1-bf9b-52bd9f1f420c
4247307b-073f-4ca6-a7e1-dbade2d376a5,2025-08-07 13:06:16.345844+00,ae51581b-553c-48d3-8233-25920e96f677
426282d2-07c9-4fd9-8aec-6dbbb356bb5f,2025-06-30 21:40:28.757038+00,9d0d5845-9e5c-4e63-834e-e71d44361ffe
4266f272-a34f-4d00-94de-b840bc835243,2025-05-25 09:22:05.330379+00,f02252f9-ca84-4d7b-9f38-af7a04b0a0b0
427adb74-8ba4-46a1-a6e8-4cd5ae87089b,2025-08-16 14:18:31.117076+00,89d3cb78-cdc5-4deb-9599-003a1fd21886
42a4db68-6f1a-4461-914f-a12befab88da,2025-06-30 09:38:45.836923+00,ec0378f9-ac71-4d1f-bed8-a858360277a0
42d1295b-d29c-4aa3-8956-07cac3fa202a,2025-07-28 09:46:03.34435+00,c8718bee-c77f-46c8-99a0-2b05ef934dcf
433cf539-06b0-4642-a9e8-be2a96905f3f,2025-08-24 14:07:35.850922+00,fc369258-14b3-49c0-9506-733a7bc16e23
4395bd2d-3b01-48ed-9d2f-86d9e3e76193,2025-08-04 17:11:47.064752+00,87388c91-8a04-44ee-a930-5e389a3285a5
442f7194-effb-4bdc-9a14-6b19e24c1b5d,2025-08-26 07:20:24.452071+00,83a6d6c1-0ed1-4332-8fbb-9dea9216bccd
445693ab-79c4-4d5d-ae32-d4eb7bae9f83,2025-08-05 05:26:41.385068+00,de24353a-4116-42ce-9ab6-17cf284a075c
449f3fd0-2888-40fd-916b-e7764cfe78ee,2025-07-27 10:26:46.454347+00,210b0eb1-b1cd-419d-ac51-8f5c45f6daf7
44a8054e-e2e6-40dd-88c4-79f736ed052f,2025-06-04 10:27:02.945399+00,c8be5e35-418b-4afd-b583-f5a2e59ef69b
44c02615-aed7-47da-bebf-56e51e60adbf,2025-06-19 20:54:43.990211+00,538af738-c9d7-4ebd-8ecd-b0f32e53a7ee
45537fde-ade6-492e-a7ea-8bfeba08a0da,2025-05-27 14:06:37.493986+00,09019473-818b-42e0-8583-76b0ac50436b
4571480d-85a6-4442-9358-02d333eb9b38,2025-08-01 06:26:10.346018+00,57946524-60c0-4854-9dfe-3f8087f61f1f
4583f20d-14f6-4924-bcd6-35174378e7dc,2025-06-12 01:46:38.08713+00,f001e25f-0f7f-4c98-8f33-7816e715a749
45ae43b5-ebee-4f2c-8b30-23f60ca40e06,2025-06-03 06:37:14.18951+00,210b0eb1-b1cd-419d-ac51-8f5c45f6daf7
46c902b8-46da-41d7-8ea6-b61b402b3c26,2025-07-02 17:27:50.198596+00,c8be5e35-418b-4afd-b583-f5a2e59ef69b
47068772-6fe4-452d-a6a0-0fec1820c1a2,2025-08-10 06:50:14.337687+00,ac9b1d36-1825-46e0-9c94-6c1733a5559a
471c70b1-f022-4afb-be94-4ee33cd252e5,2025-07-31 06:04:30.57545+00,729957fb-1ca2-45fa-a934-dcde146d7b5a
475e7003-2ec8-4276-9991-db389219ab0d,2025-07-22 06:30:26.656909+00,c8be5e35-418b-4afd-b583-f5a2e59ef69b
47921ed8-63f3-4081-890e-89f6937137f4,2025-06-02 13:43:30.416522+00,41dea018-f10f-412c-9d70-c4f7e8131ab8
47bdf873-90ad-4f5b-8553-557714211c2c,2025-07-30 16:42:38.526074+00,5088ffcc-29b3-4ba4-b8fb-3a1302407720
47c6a528-4748-44bd-9fcd-9a96f9a93807,2025-08-07 12:45:29.165235+00,9d0d5845-9e5c-4e63-834e-e71d44361ffe
47d7a05b-9608-47f8-a26b-8fba46da003d,2025-08-28 19:19:24.296572+00,729957fb-1ca2-45fa-a934-dcde146d7b5a
48082207-0407-4523-b036-33b8c868450a,2025-08-04 08:52:07.079582+00,57946524-60c0-4854-9dfe-3f8087f61f1f
4815685d-9f66-4ce1-85d1-95e6fb63c45f,2025-05-27 12:02:28.11018+00,d2e0628f-6779-44ff-81a3-ba367c277c7b
48401f98-3f4d-48e9-a282-9b7d5d6eacfa,2025-07-24 16:54:41.546371+00,57946524-60c0-4854-9dfe-3f8087f61f1f
48590a34-1201-4bd9-a579-a8140e491756,2025-05-26 13:57:23.262661+00,ae51581b-553c-48d3-8233-25920e96f677
48ad38b8-78df-405a-816f-579c8b5c964a,2025-08-30 13:52:55.306691+00,e1b30980-b1ef-4ed4-af21-8f755f290192
48ba998f-6961-4978-bb49-cd6248e4f3ca,2025-08-09 21:08:05.301776+00,04a233ea-c613-442b-b078-d2c8979cecfc
491469ef-9096-4cc0-879b-78d901996649,2025-05-21 09:19:08.199579+00,9d0d5845-9e5c-4e63-834e-e71d44361ffe
491ebd4d-937c-4735-a01e-cc587fb62fce,2025-08-15 06:33:47.259755+00,71091acc-f3da-4843-bc4b-5f1d6ace9f15
4973578f-bbd8-4c2c-ba32-44d118eb133f,2025-06-16 13:57:14.634995+00,39af1087-a3ed-4d49-bf9f-033b5149b83c
49c8490f-75d0-4ca4-83d8-dba24ee46bad,2025-07-16 12:29:24.773897+00,ac9b1d36-1825-46e0-9c94-6c1733a5559a
49d798ea-a723-44dc-a54e-4340b7e851ea,2025-05-21 04:58:38.743562+00,e7f79f18-c9df-4d69-bc2f-792b81e69563
4a2b0764-dc2d-4794-b08c-ab911c8532f9,2025-08-10 11:01:55.348805+00,6eb4a7d4-df95-4e15-a220-8c8ac38545ac
4a303082-ef10-4199-9c1b-78b60a796754,2025-07-11 13:21:32.663368+00,57946524-60c0-4854-9dfe-3f8087f61f1f
4ae7c070-fb6e-405d-835d-0b577c79d9ef,2025-06-12 08:18:39.857476+00,25260b55-8f5f-41d7-9cd8-3df5160621f4
4af43aee-847f-47b9-a616-4daefef77a17,2025-06-11 20:21:02.212193+00,b641e08f-5ef7-41f7-811f-11b3b0eae85d
4b7e39e8-2bdf-4bcb-9fca-bc06a7f0f5fc,2025-06-07 12:55:58.480635+00,f001e25f-0f7f-4c98-8f33-7816e715a749
4b7e63f0-08a4-40ed-b3ba-5472effdda25,2025-06-07 22:25:09.279956+00,a15419b2-70af-4644-8dd8-08e144cfbe62
4b8a4a8f-a769-4897-8acf-157a88dbbe06,2025-08-25 04:57:32.874882+00,66a659e4-ee0a-4966-91cc-5a043a6580f3
4bbdb4e5-cab1-493e-a7fb-152368e9cfc7,2025-05-27 09:34:42.670643+00,cf85e9e2-6610-451a-b376-22669424e3bd
4c015406-2d5d-4c5a-9cb1-35cf8ab9a3d3,2025-06-18 21:48:38.7442+00,09019473-818b-42e0-8583-76b0ac50436b
4c354c5d-51c8-42db-b1f3-da44662dace9,2025-06-02 14:14:15.661357+00,51c36632-72da-45b5-8d81-071251854d50
4c5379d0-1aa9-4792-ae4d-09168baff97b,2025-06-13 18:23:36.430798+00,035e6805-c17b-418a-8f09-364c754ef763
4c6c14a5-feba-41da-886e-4a610609b567,2025-08-17 07:26:31.977771+00,538af738-c9d7-4ebd-8ecd-b0f32e53a7ee
4c997120-840a-4544-beb6-d09ab9a7c234,2025-06-20 08:03:32.416733+00,d2e0628f-6779-44ff-81a3-ba367c277c7b
4ca3b314-fb69-4807-8edf-a96ee8667f50,2025-06-18 07:01:38.19739+00,71091acc-f3da-4843-bc4b-5f1d6ace9f15
4dd430f1-e837-4af0-add4-92af2d5b9fef,2025-07-01 17:47:18.50659+00,33b4074e-45d3-47d0-adaa-0f3010c5bb9a
4e19fd85-9096-4ec1-91a0-1f9ca0c64cbe,2025-06-24 11:42:34.282517+00,25260b55-8f5f-41d7-9cd8-3df5160621f4
4e32fc74-e6b2-42e9-98f0-9ec475d58ec6,2025-08-15 11:38:04.817032+00,66a659e4-ee0a-4966-91cc-5a043a6580f3
4e451b24-2c6d-4b83-b5d4-134752240f97,2025-06-14 06:23:25.639594+00,83a6d6c1-0ed1-4332-8fbb-9dea9216bccd
4e74736f-8aae-4ea5-b399-1a93fa548a75,2025-08-02 07:16:55.189408+00,d88135b4-bdcd-4e9a-8073-4ef4fcdc2d03
4e9317b9-a0e2-44fe-a37a-5d5f5ad132ed,2025-08-21 17:11:26.577116+00,825bcfb5-574c-4782-bfb1-8f0b7faeec25
4ec7e75c-7ab7-416b-869e-c803f46e0748,2025-06-26 07:44:45.956619+00,1b11a8aa-9433-4bbd-9ffd-6eb741cb6a21
4ece951d-e5a3-4cbe-86fe-854c028c97cf,2025-08-26 08:17:42.388496+00,098337d2-c7fc-441b-b953-76143f5885f0
4f0ef7e8-61d6-4166-9800-53558a2831e0,2025-08-21 00:53:53.312847+00,fc369258-14b3-49c0-9506-733a7bc16e23
4f134e7a-9b6b-4c7f-afb3-7cc8e681b2e3,2025-07-11 13:59:36.606718+00,6b139d49-4da8-4ec8-8db8-b596965273b0
4f3a8fa9-0f34-42d5-94a7-983001ab6d23,2025-06-18 07:52:12.633582+00,25260b55-8f5f-41d7-9cd8-3df5160621f4
4f8ce920-b29b-44b3-8fff-4951e5416df2,2025-06-12 07:15:16.432609+00,c8be5e35-418b-4afd-b583-f5a2e59ef69b
4f9d8de6-3426-4a33-a8bd-2633edee5f23,2025-06-06 10:27:08.035629+00,98ff495e-d0c9-4ed0-961c-d70e5c060bf7
4fb5a912-37f8-471d-a05f-a834ec2cf941,2025-08-08 05:04:02.919407+00,5c3a28e7-1df6-4cfb-a628-fd7dc0efbd56
4ff9c398-4083-403c-b0b7-bb83fc02fa7e,2025-07-24 17:59:34.794878+00,ac9b1d36-1825-46e0-9c94-6c1733a5559a
5028cac1-5599-49af-bc61-1a068b43424b,2025-07-31 15:25:05.308353+00,39af1087-a3ed-4d49-bf9f-033b5149b83c
50407152-b742-411d-90a8-c7ad64582269,2025-08-23 17:06:52.391433+00,db1c11aa-2ca6-4f93-a97b-369c29c40d27
50b4c739-d96a-43cc-8688-c22e6a51a11a,2025-08-14 11:01:55.091378+00,847d22a1-1a73-4021-900e-92dabe99432b
50dd29d7-0a5f-4546-b8d7-d65683442f70,2025-07-01 13:57:50.645217+00,a15419b2-70af-4644-8dd8-08e144cfbe62
50f7abb7-dfaf-4b25-9b8c-babf3c7f550a,2025-06-12 07:12:03.103379+00,210b0eb1-b1cd-419d-ac51-8f5c45f6daf7
510b6ecd-f4a3-4c94-8f25-05d39fb8deac,2025-07-17 13:50:40.647451+00,ed1e0ba4-e6b4-44ff-a9ef-4411f0dd83ac
510c2c8a-d012-4aef-ae27-4baf1f9c8ff6,2025-08-07 13:00:17.65187+00,00786864-3ae1-4de6-b04b-7e7235da3a03
51412e4a-e8ec-432f-a055-a1e25ddc76ff,2025-08-28 19:09:06.192742+00,d88135b4-bdcd-4e9a-8073-4ef4fcdc2d03
51543463-ae49-454b-bf1a-40ca48be5781,2025-08-26 08:59:37.903979+00,950b4fe5-c307-4b3a-9bec-95059169c721
517af3b2-7dfb-445d-9e57-cf6267af5341,2025-07-04 19:31:41.602222+00,04a233ea-c613-442b-b078-d2c8979cecfc
5184be03-085e-433a-a3d8-4e2106c8be6b,2025-06-06 15:01:53.424029+00,39af1087-a3ed-4d49-bf9f-033b5149b83c
5192af05-f776-4f3d-8025-7e5e529c126c,2025-07-31 22:57:13.327122+00,847d22a1-1a73-4021-900e-92dabe99432b
51ca3033-e68f-43f8-a758-bba62341f48a,2025-08-10 15:58:47.956218+00,25260b55-8f5f-41d7-9cd8-3df5160621f4
51d76eff-257b-4243-934c-545deeb119f6,2025-08-07 12:59:15.211222+00,33b4074e-45d3-47d0-adaa-0f3010c5bb9a
51f32358-0ce8-4b12-8f95-7336e1b56769,2025-05-24 14:28:57.237485+00,847d22a1-1a73-4021-900e-92dabe99432b
51fcad2c-6436-4cd9-bdbc-a44b58421b5a,2025-07-03 18:15:20.572509+00,098337d2-c7fc-441b-b953-76143f5885f0
52374323-de6b-4884-8d29-5d93732b7fc9,2025-06-16 13:06:57.008514+00,a121ccae-f4ba-4e40-b7e3-c42f52141d34
5255dd45-330e-4f10-bcce-a489af332994,2025-06-02 12:09:37.258812+00,09019473-818b-42e0-8583-76b0ac50436b
525e58a6-213c-436f-839c-3545aa38b9d7,2025-05-30 13:17:37.979082+00,0376abac-d860-4654-8968-b17dc3bb590d
52ba2671-b8ac-4568-a76b-8f64f871bd23,2025-07-09 18:45:37.831761+00,09019473-818b-42e0-8583-76b0ac50436b
52c0bd68-a53c-4575-aa45-00bbda50621f,2025-07-07 09:47:22.815773+00,137d7f93-688e-44b3-98c0-86ddd6c844ac
52c5ed71-a126-437d-b70e-116568e99083,2025-05-29 07:27:06.350286+00,e7f79f18-c9df-4d69-bc2f-792b81e69563
52dd0c97-fc15-4c0b-ad0b-231f185b3eff,2025-08-26 01:56:42.277617+00,fc369258-14b3-49c0-9506-733a7bc16e23
5365e6a9-4609-46f0-b34a-cb04b0a0ec17,2025-08-02 12:43:18.322998+00,729957fb-1ca2-45fa-a934-dcde146d7b5a
53bc1fb7-cdca-46ba-8be4-14a75a675833,2025-08-18 21:08:52.150138+00,26fd3f71-80b0-4256-8cb8-ccdd84a18569
53bd48be-e1a0-4c9d-b276-275af8fd63b6,2025-08-15 11:21:25.129568+00,26fd3f71-80b0-4256-8cb8-ccdd84a18569
53bec6ff-b65e-44ce-960c-27fda31e6c13,2025-08-25 08:01:57.755143+00,825bcfb5-574c-4782-bfb1-8f0b7faeec25
53dfc285-6c0a-4578-9634-d48250551b21,2025-05-23 11:38:15.140549+00,137d7f93-688e-44b3-98c0-86ddd6c844ac
53e01504-406b-4ff8-a87b-aeaebc27a501,2025-06-23 16:00:16.480691+00,87388c91-8a04-44ee-a930-5e389a3285a5
54189a7f-6e5e-43b8-9f3b-696a45b5cbf9,2025-08-14 11:43:10.903391+00,5c3a28e7-1df6-4cfb-a628-fd7dc0efbd56
54616184-64f2-44ca-8ce8-daa264a12d2e,2025-07-23 09:17:25.698829+00,04a233ea-c613-442b-b078-d2c8979cecfc
5480a56b-f977-4dcd-bfd1-f4ee2e26506a,2025-06-07 12:31:38.439659+00,538af738-c9d7-4ebd-8ecd-b0f32e53a7ee
54b4d65a-2de3-4402-9fe6-6efb12a9e202,2025-08-27 01:25:08.231888+00,825bcfb5-574c-4782-bfb1-8f0b7faeec25
5523e38c-4912-4e1d-bd40-9e1934077c64,2025-06-12 00:52:43.19683+00,1b11a8aa-9433-4bbd-9ffd-6eb741cb6a21
554245e1-8720-4cbd-bc9f-9266e559a947,2025-08-06 12:35:48.083183+00,33b4074e-45d3-47d0-adaa-0f3010c5bb9a
55632490-8919-49ed-aee0-00305534b529,2025-06-09 09:56:17.507132+00,9d0d5845-9e5c-4e63-834e-e71d44361ffe
55845aba-9674-4db0-8a08-f2b2871a9471,2025-06-24 00:32:05.582892+00,c8be5e35-418b-4afd-b583-f5a2e59ef69b
5589d2d4-eb5e-4489-8991-19aba10d2db3,2025-06-06 17:02:23.163239+00,51c36632-72da-45b5-8d81-071251854d50
55fd86c4-318b-43fe-aefc-a140aa78c230,2025-06-11 06:30:51.445949+00,87388c91-8a04-44ee-a930-5e389a3285a5
55fe5fd5-1668-49f5-913a-0453794796b1,2025-07-14 08:31:26.582683+00,2a5d0240-3e7f-48cc-aed1-536ba4f9a524
560972ff-f06e-4180-885e-7d2e2c631311,2025-08-08 12:50:00.223168+00,ac9b1d36-1825-46e0-9c94-6c1733a5559a
565f18c0-20ee-4116-8394-9bf7d0715362,2025-06-27 06:31:02.093851+00,71091acc-f3da-4843-bc4b-5f1d6ace9f15
568509d1-9e22-44e7-8af1-b590b7536173,2025-08-12 14:54:49.201957+00,c8be5e35-418b-4afd-b583-f5a2e59ef69b
56e25f46-a9a1-41aa-9d06-260b7197a844,2025-06-03 07:58:20.677003+00,6b139d49-4da8-4ec8-8db8-b596965273b0
5767c0f9-38dc-48a9-a1bb-0b32c06b312b,2025-08-14 18:18:12.396587+00,c8718bee-c77f-46c8-99a0-2b05ef934dcf
579b184d-23ff-4f2c-9bb8-5cb4685b91d4,2025-08-27 05:28:35.784142+00,de24353a-4116-42ce-9ab6-17cf284a075c
579c6d10-0096-4ead-ae75-361f45d4f944,2025-06-27 07:15:28.020561+00,33b4074e-45d3-47d0-adaa-0f3010c5bb9a
57b811d5-2afc-4a7d-af13-dab7febefd97,2025-07-19 09:10:17.643194+00,ed1e0ba4-e6b4-44ff-a9ef-4411f0dd83ac
581eda89-25f2-420b-ba3e-13f64357d969,2025-07-03 08:18:38.733232+00,847d22a1-1a73-4021-900e-92dabe99432b
58572909-154a-4587-ab29-a61898fdc35d,2025-08-26 07:22:45.651023+00,de24353a-4116-42ce-9ab6-17cf284a075c
5859aa48-a941-486a-960b-260497996b50,2025-06-03 06:44:13.119063+00,a121ccae-f4ba-4e40-b7e3-c42f52141d34
58953f57-5377-4acb-b971-529c05df43a1,2025-08-22 06:25:17.032537+00,729957fb-1ca2-45fa-a934-dcde146d7b5a
58efb9c6-0475-4d5f-bd34-c4ce26ec027c,2025-06-08 05:47:58.421675+00,950b4fe5-c307-4b3a-9bec-95059169c721
5939ce50-715d-4575-a9a8-22fe804a8246,2025-06-19 14:59:33.296866+00,f80d1efa-2f07-4933-ae43-0288622718a9
593d018a-3440-42c7-aff9-05e95c35f433,2025-06-11 10:59:13.479933+00,09019473-818b-42e0-8583-76b0ac50436b
597723b0-8c88-4f59-a65c-998e57ab1ce4,2025-05-22 04:56:43.012488+00,41dea018-f10f-412c-9d70-c4f7e8131ab8
59a3a479-0c61-4887-8afa-26d1fed17e66,2025-08-02 03:48:25.383814+00,d47a83a9-1b04-456b-97dd-c383a41a902d
59fee490-0940-4971-9eba-396f4fe89d72,2025-07-31 07:44:56.876066+00,de24353a-4116-42ce-9ab6-17cf284a075c
59fefc7d-0fa6-42b6-aebc-d06db59e8b76,2025-06-24 13:30:15.022581+00,ae51581b-553c-48d3-8233-25920e96f677
5a914006-2bdc-43ae-a77a-172356fe9612,2025-07-17 00:16:37.421876+00,f001e25f-0f7f-4c98-8f33-7816e715a749
5a9e3232-8747-423d-a782-ef51d1cabbaf,2025-07-28 07:35:16.096289+00,4b2a1a98-e437-4693-a759-ed1152327912
5aa2f69c-2151-4c9b-a833-e62a572c3db6,2025-05-26 12:24:52.846298+00,1b11a8aa-9433-4bbd-9ffd-6eb741cb6a21
5ab5ec63-72a1-4984-bd92-8dd107cd973b,2025-06-23 20:22:01.620877+00,847d22a1-1a73-4021-900e-92dabe99432b
5abe441f-cb1c-4004-b4da-726e7d2570cb,2025-05-24 07:23:40.815962+00,538af738-c9d7-4ebd-8ecd-b0f32e53a7ee
5acb0e68-a0be-4b63-9506-dd8368d98c46,2025-07-30 11:43:47.924467+00,a14c4a9c-4e4b-4980-a163-68a56a0a410e
5b0a6b4f-bbce-4344-a7fb-4e007e6e6f95,2025-06-11 13:51:37.357346+00,30e5835a-a1a3-404f-8b00-4828691cd2b8
5b419f7f-5f79-493c-8cba-72b693d885d8,2025-05-26 06:05:06.344727+00,26fd3f71-80b0-4256-8cb8-ccdd84a18569
5b4fac5f-79b5-44e1-bee5-e153a21695d1,2025-07-09 20:10:09.774447+00,39af1087-a3ed-4d49-bf9f-033b5149b83c
5b6a5b9a-2bb1-48d6-b34b-8b3dc5563c1c,2025-05-31 10:54:49.476652+00,b641e08f-5ef7-41f7-811f-11b3b0eae85d
5be462ac-46cf-4dab-9cfa-70dc5713d51e,2025-06-24 08:45:20.39025+00,137d7f93-688e-44b3-98c0-86ddd6c844ac
5bf99d00-612c-4e7b-87ba-7260b692dab8,2025-05-28 06:24:03.212937+00,6b139d49-4da8-4ec8-8db8-b596965273b0
5c144bdd-24dd-4c0c-a8fe-3961bec95247,2025-05-25 08:17:55.316581+00,538af738-c9d7-4ebd-8ecd-b0f32e53a7ee
5c17757c-d3b1-4977-8a1f-848bff38b174,2025-06-25 07:17:46.163596+00,71091acc-f3da-4843-bc4b-5f1d6ace9f15
5c411eb7-15e6-474b-8847-6335cd24603c,2025-06-01 19:47:17.604866+00,c8be5e35-418b-4afd-b583-f5a2e59ef69b
5ca90836-38f9-48ea-acd3-60ff3d55a846,2025-06-09 15:54:35.712976+00,6b139d49-4da8-4ec8-8db8-b596965273b0
5cad6a5f-06c1-4b0d-b477-62ddb15a9799,2025-08-13 05:32:02.158007+00,1b11a8aa-9433-4bbd-9ffd-6eb741cb6a21
5d0fd88f-b753-4791-8a4c-6afed6256e2c,2025-08-26 07:27:12.140594+00,26fd3f71-80b0-4256-8cb8-ccdd84a18569
5d8f2e93-1d39-4f78-9613-5275f6b536af,2025-07-30 07:12:14.09087+00,89d3cb78-cdc5-4deb-9599-003a1fd21886
5da663c0-ed97-4bd4-9a4e-da23c1ea8ebe,2025-06-19 21:49:14.957496+00,b641e08f-5ef7-41f7-811f-11b3b0eae85d
5db4a82a-830f-4fa4-aa32-5959c002868a,2025-07-29 15:14:43.855668+00,39af1087-a3ed-4d49-bf9f-033b5149b83c
5dd70983-93be-402d-8bff-930626b067ff,2025-05-26 13:03:12.933525+00,6b139d49-4da8-4ec8-8db8-b596965273b0
5dd99d5b-4586-4f9d-a5f6-bad60c7f7a97,2025-08-17 09:02:33.549025+00,71091acc-f3da-4843-bc4b-5f1d6ace9f15
5dee698b-054b-41ed-8f28-fd75ae2f35a1,2025-06-28 18:24:42.731474+00,ed1e0ba4-e6b4-44ff-a9ef-4411f0dd83ac
5e5b3685-0f22-4e76-ab70-0fa6b6223025,2025-08-07 13:00:23.766332+00,137d7f93-688e-44b3-98c0-86ddd6c844ac
5e717017-c3a1-4c98-8159-1ee5c71f08fe,2025-08-06 08:10:50.074728+00,c8718bee-c77f-46c8-99a0-2b05ef934dcf
5e8ae7d9-a8e6-4e8e-9487-0abfc9ffe756,2025-06-06 07:17:49.498266+00,f001e25f-0f7f-4c98-8f33-7816e715a749
5e91d916-1836-4195-8375-33abb9d58fcc,2025-07-29 17:56:04.502803+00,210b0eb1-b1cd-419d-ac51-8f5c45f6daf7
5ebb1c90-58ad-4749-93d8-91022a19c3db,2025-08-18 10:56:10.186068+00,71091acc-f3da-4843-bc4b-5f1d6ace9f15
5ed51416-09ff-42f9-af4c-fa3a61ce6c27,2025-07-17 01:37:16.163857+00,f5fb04ab-2653-4c77-9b57-b5d5ef994436
5edad4dd-6952-4865-8adb-2ad7819858ee,2025-05-26 10:12:48.256653+00,825bcfb5-574c-4782-bfb1-8f0b7faeec25
5ee806a5-47a6-4daa-8812-0fb8e0b6d463,2025-06-07 18:28:27.652492+00,8656147c-c222-4568-bce0-3a1c5f9fd323
5ef4f54d-e080-4c8f-baad-31e7c4f092ff,2025-06-23 02:06:34.20375+00,f001e25f-0f7f-4c98-8f33-7816e715a749
5efee987-16c1-46be-9439-1ab4b3a4c89d,2025-07-12 05:57:02.552722+00,57946524-60c0-4854-9dfe-3f8087f61f1f
5f49dc61-325f-4498-82a5-7070ec61e7b9,2025-08-05 08:02:05.966233+00,fc369258-14b3-49c0-9506-733a7bc16e23
5f88cdb8-10f8-4041-88a5-cecebfc5190a,2025-06-04 07:03:40.15693+00,137d7f93-688e-44b3-98c0-86ddd6c844ac
5fd5c05f-5934-4d5c-8eff-7ad589469cee,2025-06-03 07:41:09.58895+00,71091acc-f3da-4843-bc4b-5f1d6ace9f15
60394374-2672-430a-b71a-f486878ed69d,2025-06-23 18:30:36.770162+00,04a233ea-c613-442b-b078-d2c8979cecfc
60431114-1806-4734-9ec6-cd5cde4d84d1,2025-05-23 17:00:08.64724+00,83a6d6c1-0ed1-4332-8fbb-9dea9216bccd
60afcb01-170c-42ae-bb9a-d6865f8fa29c,2025-07-12 09:46:42.785431+00,6eb4a7d4-df95-4e15-a220-8c8ac38545ac
61a32eed-4d3f-4002-b6dc-04e940e576cd,2025-08-30 10:58:15.143153+00,210b0eb1-b1cd-419d-ac51-8f5c45f6daf7
61c5e821-a08d-4a11-9d8e-4c02910237c8,2025-08-01 07:19:22.379354+00,66a659e4-ee0a-4966-91cc-5a043a6580f3
61edbdce-b16f-4c3e-9d6f-eef8fb7e64a6,2025-08-17 12:19:15.411496+00,de24353a-4116-42ce-9ab6-17cf284a075c
6222303a-2351-42ee-a05d-88db7727e946,2025-05-28 08:39:55.74313+00,25260b55-8f5f-41d7-9cd8-3df5160621f4
622306e3-1c8e-4b10-a943-66b763d80893,2025-06-14 14:11:21.094645+00,b641e08f-5ef7-41f7-811f-11b3b0eae85d
62299665-e099-430c-8231-61c1d07c7425,2025-07-31 23:42:53.115152+00,1b11a8aa-9433-4bbd-9ffd-6eb741cb6a21
6234a1b1-dad8-4735-8a51-76b6663a38be,2025-08-14 19:55:44.110457+00,7ab05933-9292-49a5-a8e4-74ddbce75789
6245edd6-cdbc-4a8f-a63b-175f449904e8,2025-07-21 05:32:05.170657+00,210b0eb1-b1cd-419d-ac51-8f5c45f6daf7
6255b92f-4a31-4224-bd06-0e1aaf1d74a6,2025-06-03 07:20:44.377143+00,8656147c-c222-4568-bce0-3a1c5f9fd323
629a640f-fd9c-4529-ac5d-3f2812cb1ed2,2025-07-24 17:34:43.50116+00,7ab05933-9292-49a5-a8e4-74ddbce75789
629dcad7-50bc-4128-b93e-c35e501d4332,2025-07-15 17:09:41.401612+00,04a233ea-c613-442b-b078-d2c8979cecfc
6306db74-ffce-4566-a654-15e11db19b22,2025-08-28 05:26:52.688696+00,5c3a28e7-1df6-4cfb-a628-fd7dc0efbd56
636551f9-22ed-4cf3-9410-a494f4c169e6,2025-05-23 11:18:31.855309+00,c8be5e35-418b-4afd-b583-f5a2e59ef69b
638d6054-8444-4a8c-88a9-8407bacfdc21,2025-08-22 01:37:57.496377+00,c8be5e35-418b-4afd-b583-f5a2e59ef69b
63a15c9a-1b62-478e-8fe6-0cfb9ce664a9,2025-06-06 10:13:18.326334+00,c8be5e35-418b-4afd-b583-f5a2e59ef69b
63c1367a-cf65-4f86-a6fb-e104a5b5ff8a,2025-07-19 09:17:00.982512+00,9878cd0c-5411-443d-abc6-77ed1281799a
63de404e-e1c5-40d0-9092-7be7d517e0d7,2025-08-23 07:00:06.774977+00,5029fcf3-0e93-4387-bd27-5c1054a8ee64
6420068b-8464-4152-8b60-ec346e0cfe01,2025-06-02 14:39:30.710652+00,210b0eb1-b1cd-419d-ac51-8f5c45f6daf7
647f96a2-f367-4e16-a281-b81e697fb440,2025-05-24 07:04:37.426146+00,26fd3f71-80b0-4256-8cb8-ccdd84a18569
64ed589c-0d00-4bb0-8b97-f87122f3e387,2025-06-25 13:03:59.651914+00,ec0378f9-ac71-4d1f-bed8-a858360277a0
65247ffb-7339-4ec2-a358-3bc2f3858d18,2025-07-29 17:15:24.209259+00,57946524-60c0-4854-9dfe-3f8087f61f1f
65319f03-f6d4-4e6f-92d8-3fd3fc43d636,2025-08-20 18:02:15.600821+00,de24353a-4116-42ce-9ab6-17cf284a075c
6558d28a-bfb4-4774-81a7-c2e3a9846164,2025-08-23 18:35:09.203075+00,ac9b1d36-1825-46e0-9c94-6c1733a5559a
657cba55-e725-48ae-90e4-661dd70fdcc7,2025-06-08 23:28:44.339739+00,d2e0628f-6779-44ff-81a3-ba367c277c7b
6588f0b2-b53a-4203-84fb-c69f88d26cd0,2025-07-10 20:27:00.075565+00,c8be5e35-418b-4afd-b583-f5a2e59ef69b
65fe4e9b-df4b-406c-81bd-ae1162407202,2025-08-07 07:31:38.39529+00,fc369258-14b3-49c0-9506-733a7bc16e23
662ec288-44a8-45db-9ffb-f8b681adbbfa,2025-06-18 01:49:38.10565+00,2a5d0240-3e7f-48cc-aed1-536ba4f9a524
666a2e5b-d751-446e-aa1a-9b86caeba20f,2025-06-16 13:38:24.859402+00,25260b55-8f5f-41d7-9cd8-3df5160621f4
669ec77f-2a14-4219-8267-f5a8b8a97291,2025-06-13 00:35:35.61892+00,a15419b2-70af-4644-8dd8-08e144cfbe62
67212338-2b47-46cd-9368-f73687100b2c,2025-06-04 08:07:15.228899+00,25260b55-8f5f-41d7-9cd8-3df5160621f4
6741560e-41f7-464a-abf8-a4ce43ecabb3,2025-06-27 13:51:08.273156+00,c8be5e35-418b-4afd-b583-f5a2e59ef69b
674f6a87-9d93-45ba-bcf1-16bb8fde8367,2025-07-10 11:55:15.780345+00,729957fb-1ca2-45fa-a934-dcde146d7b5a
6753e2d5-da7f-4058-b3bb-bb39111fee33,2025-07-30 07:00:56.71183+00,de24353a-4116-42ce-9ab6-17cf284a075c
67b27f66-5775-4b3d-82ed-9aadee932032,2025-06-24 18:33:04.626925+00,a121ccae-f4ba-4e40-b7e3-c42f52141d34
68397504-7459-459d-b603-5074fd06834c,2025-06-23 11:38:35.763806+00,71091acc-f3da-4843-bc4b-5f1d6ace9f15
684b7f1b-b8e2-4dd4-8b09-c29099016c19,2025-08-18 16:27:32.371708+00,89d3cb78-cdc5-4deb-9599-003a1fd21886
68b033ce-d12e-43ae-a357-8308f906de9f,2025-08-07 16:31:35.606959+00,6b139d49-4da8-4ec8-8db8-b596965273b0
68c4ac4f-400b-49ff-a0c0-3e1db4d3e618,2025-08-26 00:14:06.496258+00,9d0d5845-9e5c-4e63-834e-e71d44361ffe
68e05816-9a23-4f16-9c87-42fa27b07911,2025-08-30 00:18:00.705492+00,8bf4add5-5172-462d-9246-db8413d4e43c
68e5c693-0ebc-40f6-9281-481b29708ab3,2025-05-31 09:29:24.489763+00,6b139d49-4da8-4ec8-8db8-b596965273b0
698f8d94-4a67-4965-86b9-918fbfa6f332,2025-08-30 12:52:36.144506+00,137d7f93-688e-44b3-98c0-86ddd6c844ac
699dbbdf-394d-4ba5-84dd-4ccc51c503e1,2025-06-02 16:12:21.736506+00,25260b55-8f5f-41d7-9cd8-3df5160621f4
699f2fe2-daf1-4188-a5d2-c01404974e4d,2025-08-05 13:51:45.058705+00,ac9b1d36-1825-46e0-9c94-6c1733a5559a
6a4fe93b-663b-4910-aabe-c7dd338535d9,2025-06-25 17:40:28.954954+00,7c9ef69d-b302-4981-88be-e9a4ed393236
6a76d1b2-2a6f-47d3-9a88-813eb9673762,2025-07-12 07:44:58.905413+00,035e6805-c17b-418a-8f09-364c754ef763
6a7e4240-efb8-4f52-b339-d24274df666d,2025-06-16 15:25:14.130813+00,30e5835a-a1a3-404f-8b00-4828691cd2b8
6ad2b8be-8d46-4cf8-a996-37b50625b9fa,2025-08-14 10:32:14.819795+00,66a659e4-ee0a-4966-91cc-5a043a6580f3
6ad89bd3-d0b0-44dc-b5fa-c71254b8b476,2025-08-25 13:37:02.61625+00,89d3cb78-cdc5-4deb-9599-003a1fd21886
6af24bd3-44dd-423a-ae91-1e4b10e52cd7,2025-08-07 07:16:19.810769+00,2a5d0240-3e7f-48cc-aed1-536ba4f9a524
6b30dc0e-eac8-41a1-9479-1a7910270621,2025-08-12 09:58:06.097847+00,71091acc-f3da-4843-bc4b-5f1d6ace9f15
6b6095ca-8db2-4214-854a-560ad8ce1280,2025-05-25 15:31:38.960903+00,0376abac-d860-4654-8968-b17dc3bb590d
6bba3e3e-5a18-455e-b64a-9c01e6d61a04,2025-07-14 16:39:00.684678+00,c8be5e35-418b-4afd-b583-f5a2e59ef69b
6bdd19c0-5a12-4ae5-b970-38966ae75d8d,2025-08-09 11:09:38.046609+00,729957fb-1ca2-45fa-a934-dcde146d7b5a
6c0f3517-40ae-427e-9dd9-5f8ca98ff530,2025-08-20 08:05:21.694847+00,ac9b1d36-1825-46e0-9c94-6c1733a5559a
6c11b00c-7d0c-46e3-a762-df068f6838cf,2025-08-07 20:13:57.847799+00,7615eba0-4874-4cdf-ad0f-f42683eeee4c
6c270752-0c8b-4069-b7da-406d9cad26e7,2025-07-26 13:22:27.832498+00,729957fb-1ca2-45fa-a934-dcde146d7b5a
6c35e63b-e15f-4ac7-9319-63158841e3c3,2025-08-27 10:49:36.591537+00,06cc54a8-bf04-4dd4-8481-cdfaac398a2e
6cb7d7a4-8ff7-468a-b4bf-ddaf977e3fbb,2025-08-09 19:25:57.939938+00,66a659e4-ee0a-4966-91cc-5a043a6580f3
6d24f31a-7424-4b04-8585-db0c333885a1,2025-08-15 07:17:03.039215+00,89d3cb78-cdc5-4deb-9599-003a1fd21886
6d3400db-5e1d-49cb-87fa-8c596b5004df,2025-05-27 15:40:25.062492+00,f5fb04ab-2653-4c77-9b57-b5d5ef994436
6d394a76-ba4a-4b9b-9082-80ff34554bc8,2025-05-26 11:24:51.120793+00,d2e0628f-6779-44ff-81a3-ba367c277c7b
6d659d08-3016-49df-ab96-e262f122698c,2025-06-26 00:56:24.237663+00,70f8119a-6651-48ee-aafe-64d9b0053c58
6d67c2b2-5aca-4aff-af4b-e9fe18abff75,2025-06-04 12:28:28.381581+00,09019473-818b-42e0-8583-76b0ac50436b
6dfa9c7e-4459-4906-8ccb-a551cac061bf,2025-06-18 13:35:40.983292+00,f80d1efa-2f07-4933-ae43-0288622718a9
6e1be5b6-05ac-4eb6-a0cb-12eca18d914f,2025-05-25 02:29:13.72879+00,c8be5e35-418b-4afd-b583-f5a2e59ef69b
6e1cf872-57b5-41f7-a19b-3f25a2faecee,2025-05-23 12:54:10.145061+00,00786864-3ae1-4de6-b04b-7e7235da3a03
6e2d9655-aaf7-4658-9f32-4c7af1ab4fb2,2025-08-04 07:48:14.780078+00,de24353a-4116-42ce-9ab6-17cf284a075c
6e61f8ae-a504-49e5-a6cb-f3645d191709,2025-06-20 07:10:35.595383+00,71091acc-f3da-4843-bc4b-5f1d6ace9f15
6e686d0e-2710-4683-a03a-b6fa3fd3e158,2025-08-12 19:19:52.250172+00,ac9b1d36-1825-46e0-9c94-6c1733a5559a
6e91aebc-053b-4368-9af0-1423feb73e97,2025-08-07 13:17:47.552764+00,950b4fe5-c307-4b3a-9bec-95059169c721
6f62c4a1-c2ad-434d-a960-868f13c61ecc,2025-06-23 15:21:05.531555+00,ae51581b-553c-48d3-8233-25920e96f677
6fd3d581-645b-423b-b985-437c16b06f34,2025-08-29 16:59:12.299301+00,9d0d5845-9e5c-4e63-834e-e71d44361ffe
6ff045ff-cb9f-4fbc-96d5-08ce81f3ccd3,2025-08-05 12:03:34.49998+00,098337d2-c7fc-441b-b953-76143f5885f0
6fffebf1-f755-4c5a-b325-095aa8ceb219,2025-06-03 10:28:25.886755+00,09019473-818b-42e0-8583-76b0ac50436b
701378e6-0d63-436c-9234-9894f5c6e0f3,2025-06-03 07:57:49.031587+00,a15419b2-70af-4644-8dd8-08e144cfbe62
70339f5d-7a2d-4511-8e59-27bf22af2457,2025-08-02 06:16:42.316469+00,83a6d6c1-0ed1-4332-8fbb-9dea9216bccd
70b35ea6-6478-46ed-b41f-37594771546f,2025-06-11 12:02:04.950437+00,39af1087-a3ed-4d49-bf9f-033b5149b83c
70c7b900-b543-4c94-a492-35d5f2f20adb,2025-05-28 14:00:15.124662+00,de24353a-4116-42ce-9ab6-17cf284a075c
70e7d901-afd5-438a-b9ec-8474d423132e,2025-06-18 08:06:42.128557+00,b917ee43-265c-4cbd-b512-e551efc978a6
7108b500-38f1-4592-b743-1fac464d2f9e,2025-07-08 00:35:33.502648+00,57946524-60c0-4854-9dfe-3f8087f61f1f
7119e075-783c-4bde-ab18-8d35b948d779,2025-06-10 08:32:05.874087+00,39af1087-a3ed-4d49-bf9f-033b5149b83c
71e54968-10d0-42ed-8550-5029f70da2b2,2025-08-27 09:08:50.902754+00,b641e08f-5ef7-41f7-811f-11b3b0eae85d
71e85f54-84c5-4c0e-a856-1c205f6460d1,2025-08-27 02:48:02.326337+00,729957fb-1ca2-45fa-a934-dcde146d7b5a
721664bb-735f-49f5-aaa5-c9060239de16,2025-07-17 10:17:28.796002+00,f80d1efa-2f07-4933-ae43-0288622718a9
7224d423-4cd4-450f-af2a-c6c13b4df7d5,2025-08-26 07:23:33.579251+00,ed1e0ba4-e6b4-44ff-a9ef-4411f0dd83ac
7239109f-38d4-463a-b5ae-ffc704242ab3,2025-07-22 20:53:02.035314+00,09019473-818b-42e0-8583-76b0ac50436b
724f03ca-1dc4-4889-941e-2bdb166bf632,2025-06-19 18:53:58.735344+00,87388c91-8a04-44ee-a930-5e389a3285a5
72eadc39-c005-473e-9681-93ed09596b70,2025-06-10 16:03:03.227927+00,a14c4a9c-4e4b-4980-a163-68a56a0a410e
7321fe1d-b719-4433-a5e5-640dd70145c8,2025-06-16 00:00:55.179265+00,c8be5e35-418b-4afd-b583-f5a2e59ef69b
733c345a-5cf9-4339-b24f-a985bc4a2c86,2025-05-23 13:23:20.596357+00,f5fb04ab-2653-4c77-9b57-b5d5ef994436
73408c18-bb0a-4358-8867-4b9fd694920d,2025-07-07 21:35:01.311901+00,c83fa279-78ed-431e-b017-f3cbf0490c52
73441796-5eb4-48f6-8019-daea682e4697,2025-05-26 18:18:24.888259+00,51c36632-72da-45b5-8d81-071251854d50
73670225-016c-4926-a12e-8ee9b6b283eb,2025-08-12 05:17:34.917877+00,fc369258-14b3-49c0-9506-733a7bc16e23
738d100d-f5a9-4a9a-9fd8-43f8a385736f,2025-08-05 20:11:55.495558+00,1bdfe47e-be9d-459c-9270-627aa6420e04
741b59f0-5af8-4cb2-bb75-8103016fc389,2025-06-14 00:20:00.259368+00,d2e0628f-6779-44ff-81a3-ba367c277c7b
747266d7-1d52-4fc0-a987-6a960ebd1df4,2025-07-29 14:29:51.346724+00,c8be5e35-418b-4afd-b583-f5a2e59ef69b
74b035fb-a3b2-4afb-820b-65efa18756dd,2025-08-26 08:55:08.977505+00,33b4074e-45d3-47d0-adaa-0f3010c5bb9a
74e578d7-b8f5-4315-925b-e2164b1f93aa,2025-07-23 22:43:18.691059+00,f001e25f-0f7f-4c98-8f33-7816e715a749
750e663b-4a07-4530-8ede-21e6568c7530,2025-08-12 19:41:23.693302+00,f001e25f-0f7f-4c98-8f33-7816e715a749
751e35c7-7504-464a-94c0-162f44df7248,2025-05-23 09:25:16.741796+00,cf85e9e2-6610-451a-b376-22669424e3bd
7520a6ed-ed82-4857-bcfa-2e5f90fde1c7,2025-08-08 08:22:40.345752+00,c8718bee-c77f-46c8-99a0-2b05ef934dcf
7532b488-45ff-4821-9dd1-199749a35003,2025-06-17 18:43:58.98888+00,098337d2-c7fc-441b-b953-76143f5885f0
7549af34-c576-4830-b12b-14c7297bec1c,2025-05-27 12:02:26.141136+00,71091acc-f3da-4843-bc4b-5f1d6ace9f15
754eb005-2f45-4426-b258-6b8435b17d20,2025-08-07 15:19:38.205943+00,f001e25f-0f7f-4c98-8f33-7816e715a749
7553e2d3-cd6b-4d16-9522-b227837d3d39,2025-06-08 07:55:32.965741+00,210b0eb1-b1cd-419d-ac51-8f5c45f6daf7
7558487b-5604-4e1b-9e51-2e8fb697e0b4,2025-08-26 07:30:30.629521+00,c8718bee-c77f-46c8-99a0-2b05ef934dcf
75b211aa-fbe1-4b11-8f11-74557289d068,2025-08-04 07:15:35.875058+00,66a659e4-ee0a-4966-91cc-5a043a6580f3
75b9eab4-9fea-421f-b296-a246a7d14ed2,2025-08-13 07:02:09.12376+00,fc369258-14b3-49c0-9506-733a7bc16e23
76064669-6d57-4f04-854e-d6738dfe4511,2025-05-22 15:18:47.132551+00,538af738-c9d7-4ebd-8ecd-b0f32e53a7ee
76100ab8-1632-4a42-b6ef-587076772bcf,2025-07-31 18:47:58.374554+00,51c36632-72da-45b5-8d81-071251854d50
763ae920-ba3b-4cda-b6f3-599cae188276,2025-08-29 07:10:54.078075+00,de24353a-4116-42ce-9ab6-17cf284a075c
7640b479-16e3-4760-9a98-408fc6018665,2025-08-06 06:06:44.566988+00,87388c91-8a04-44ee-a930-5e389a3285a5
76d41b3f-ef52-4bb8-8087-8823e954573b,2025-08-06 07:26:08.889544+00,d2e0628f-6779-44ff-81a3-ba367c277c7b
76f18abe-46e6-4270-a86e-c511fcc3f9ce,2025-07-31 07:43:27.565803+00,a14c4a9c-4e4b-4980-a163-68a56a0a410e
772581e2-c8d9-4e12-abfc-716e1b541495,2025-08-24 20:23:07.53215+00,1420923d-3e27-4ffb-94eb-ba4aef3067e0
7757d8fd-8a75-4569-a79e-baa08bbcf8b5,2025-06-15 12:50:20.494772+00,950b4fe5-c307-4b3a-9bec-95059169c721
7792fb42-364f-46a1-8c39-b0dc85515151,2025-07-06 16:38:06.340186+00,f001e25f-0f7f-4c98-8f33-7816e715a749
77b63984-4577-4fef-8c95-fd882382404a,2025-08-24 02:56:36.312666+00,57946524-60c0-4854-9dfe-3f8087f61f1f
7880a9e0-9c39-4add-9f38-5cec13870264,2025-07-24 20:59:36.551452+00,39af1087-a3ed-4d49-bf9f-033b5149b83c
788bb413-f50f-4e9e-8d0a-46f1992e436c,2025-05-22 07:29:48.846662+00,9d0d5845-9e5c-4e63-834e-e71d44361ffe
78bd5251-887b-4ac1-9e41-428200709d6d,2025-06-04 17:02:23.132778+00,41dea018-f10f-412c-9d70-c4f7e8131ab8
78d9a5f4-80db-43bd-9963-31ad50c5d9b3,2025-08-30 10:44:12.559932+00,41dea018-f10f-412c-9d70-c4f7e8131ab8
7984f919-3358-49e9-9ad4-54eef9328af3,2025-08-09 07:36:33.908529+00,b641e08f-5ef7-41f7-811f-11b3b0eae85d
79878b3d-cd11-42a1-b396-d84d59ffe5f3,2025-07-30 08:22:12.033187+00,33b4074e-45d3-47d0-adaa-0f3010c5bb9a
7a100877-a407-488b-92e2-6018a0389d8d,2025-08-13 04:51:04.046217+00,729957fb-1ca2-45fa-a934-dcde146d7b5a
7a3b5b96-81e1-4906-a9ce-53ac755fcd9c,2025-08-21 12:23:34.32013+00,26fd3f71-80b0-4256-8cb8-ccdd84a18569
7a6605ed-3f38-40b0-8f26-3ac845495e58,2025-08-02 06:07:36.143915+00,fc369258-14b3-49c0-9506-733a7bc16e23
7aa5e894-3620-44a6-baa1-568eb60c9a4e,2025-08-09 13:58:12.539831+00,d47a83a9-1b04-456b-97dd-c383a41a902d
7ab03cc8-5e0b-4961-82e0-76a1d73e4f93,2025-06-26 10:46:21.456611+00,b641e08f-5ef7-41f7-811f-11b3b0eae85d
7ac7bf64-f22c-47a7-bf44-bf31809e95de,2025-08-25 22:14:52.461009+00,ac9b1d36-1825-46e0-9c94-6c1733a5559a
7ae1ab04-e36e-45d4-a994-63699e770ce5,2025-06-02 12:57:39.912295+00,6eb4a7d4-df95-4e15-a220-8c8ac38545ac
7b0cdb2e-9419-4681-b8e2-8458d3ccb0c5,2025-07-22 03:49:31.310312+00,66a659e4-ee0a-4966-91cc-5a043a6580f3
7b121642-5777-4522-a396-3eaa863d05c4,2025-05-28 14:37:31.729128+00,6e732384-eaa6-45fc-888f-3e7b2b40f633
7b60e00f-68ab-4c96-8cd5-5f2ec35c2228,2025-08-12 03:52:19.114489+00,729957fb-1ca2-45fa-a934-dcde146d7b5a
7b90e90f-815c-4533-9cb5-1945011c4057,2025-06-02 07:52:07.107379+00,b641e08f-5ef7-41f7-811f-11b3b0eae85d
7bb081a4-b93a-4446-9a35-56194700bf18,2025-08-14 05:50:49.369718+00,00786864-3ae1-4de6-b04b-7e7235da3a03
7bccb384-ae8e-4e89-a86d-beae249d9bd3,2025-07-25 11:25:34.861566+00,57946524-60c0-4854-9dfe-3f8087f61f1f
7bd34c80-4ff6-478f-b754-8228ae1d5534,2025-05-30 02:36:11.691742+00,950b4fe5-c307-4b3a-9bec-95059169c721
7c01b17a-d4bb-4009-947b-2c00a43084a3,2025-08-06 11:50:13.886895+00,825bcfb5-574c-4782-bfb1-8f0b7faeec25
7c7e4a1a-b232-44b6-8a53-4ac7314d3abe,2025-08-12 14:04:43.786473+00,210b0eb1-b1cd-419d-ac51-8f5c45f6daf7
7ca47cec-6e98-418b-a725-f035b9a75f79,2025-07-18 13:47:05.055491+00,3b286e59-06b1-4ff8-920c-e53c4994256a
7ca59ead-7998-4ffb-9c01-4817ef5decb2,2025-08-23 09:31:03.770498+00,66a659e4-ee0a-4966-91cc-5a043a6580f3
7cb190ec-442c-45b1-bc87-800e3f497f8c,2025-08-21 06:35:45.883331+00,847d22a1-1a73-4021-900e-92dabe99432b
7cc765c2-d16a-4843-8ff4-f57aa90c5f46,2025-07-31 18:43:15.558221+00,538af738-c9d7-4ebd-8ecd-b0f32e53a7ee
7cd0db26-04ff-400f-bf38-5c3136b154e9,2025-08-26 06:26:54.016054+00,00786864-3ae1-4de6-b04b-7e7235da3a03
7cf86c37-7392-4526-b642-7f46e5475dba,2025-07-10 05:39:08.800673+00,00786864-3ae1-4de6-b04b-7e7235da3a03
7d8cdbd6-9e0c-44da-911c-48282fcd4309,2025-07-04 23:17:25.716408+00,b641e08f-5ef7-41f7-811f-11b3b0eae85d
7dc52013-9f65-4052-b134-10fc2137f6e5,2025-06-11 13:24:39.289658+00,51c36632-72da-45b5-8d81-071251854d50
7dcf8db5-11cf-42b1-b754-d097ec651bf6,2025-08-12 07:44:41.67467+00,d47a83a9-1b04-456b-97dd-c383a41a902d
7de9662c-8447-40f3-9fde-63c35a151824,2025-08-01 18:31:06.005558+00,b641e08f-5ef7-41f7-811f-11b3b0eae85d
7deb56d8-073c-4bbe-9613-1bd0657a18f2,2025-07-30 08:19:35.897552+00,04a233ea-c613-442b-b078-d2c8979cecfc
7e4669cf-64ab-4fc9-a020-91242f3ddd44,2025-06-03 08:14:50.490964+00,39af1087-a3ed-4d49-bf9f-033b5149b83c
7e4a5585-a33f-4396-aee2-b0e10f82ad1d,2025-07-05 11:29:54.952219+00,5c3a28e7-1df6-4cfb-a628-fd7dc0efbd56
7e5ee015-7012-4980-b96c-490b46936703,2025-07-25 03:10:22.268912+00,33b4074e-45d3-47d0-adaa-0f3010c5bb9a
7e731d20-f6c8-4175-ac11-e6df96044677,2025-08-04 19:20:15.132241+00,e1b30980-b1ef-4ed4-af21-8f755f290192
7e7e9937-5e3e-41c7-9a1c-b10b95469a40,2025-05-23 15:52:48.399209+00,ae51581b-553c-48d3-8233-25920e96f677
7ec2aa3b-5901-40c3-924e-08ff523e65f0,2025-07-24 17:46:08.874622+00,6b139d49-4da8-4ec8-8db8-b596965273b0
7ec66701-7b19-461a-8d74-5bd7b062432f,2025-08-20 10:52:27.022677+00,f80d1efa-2f07-4933-ae43-0288622718a9
7eef2ec5-20fa-4f73-bfb3-c5eb83ff3a30,2025-08-08 07:55:52.827566+00,f80d1efa-2f07-4933-ae43-0288622718a9
7ef632b9-1f50-44ae-bda3-30b2ac9f0a28,2025-06-03 19:10:24.240615+00,de24353a-4116-42ce-9ab6-17cf284a075c
7f1e0e2a-f92f-498a-a795-735b6ac589bb,2025-08-11 18:24:48.010231+00,89d3cb78-cdc5-4deb-9599-003a1fd21886
7f2e5111-2b2c-46ee-a84c-8001a6afd58d,2025-08-07 14:45:31.996637+00,f6e7916c-72fa-4ebc-8567-062a632a65ef
7f412428-89f1-42ef-a03f-711c27501a06,2025-06-02 13:56:02.783156+00,6b139d49-4da8-4ec8-8db8-b596965273b0
7f477a0b-4359-45c2-ac45-71406a03ffd4,2025-08-25 08:28:26.942528+00,e4de6140-36f4-4a11-8499-26421878afd2
7f59fd46-e7fa-419c-8935-ccd152da6beb,2025-06-16 16:36:23.152591+00,f80d1efa-2f07-4933-ae43-0288622718a9
7fa84ebf-b144-4223-859e-148cec2c4134,2025-06-12 16:04:08.977863+00,538af738-c9d7-4ebd-8ecd-b0f32e53a7ee
7fa8c1e5-3d09-478f-b493-3c781602aae5,2025-05-24 16:12:16.560372+00,2a5d0240-3e7f-48cc-aed1-536ba4f9a524
7fee1ac2-a632-4f77-b5c0-fd3d65eef265,2025-05-26 10:38:26.638135+00,7c9ef69d-b302-4981-88be-e9a4ed393236
8035b746-0718-44c1-b357-651fe10e0fa4,2025-07-28 21:50:52.133097+00,ed1e0ba4-e6b4-44ff-a9ef-4411f0dd83ac
8063153c-d032-4fba-a745-9bb3b7adb4d2,2025-05-22 22:30:27.215164+00,6e732384-eaa6-45fc-888f-3e7b2b40f633
80645f16-5b87-4327-9c6e-9ea181f68f02,2025-07-14 01:57:33.858642+00,ed1e0ba4-e6b4-44ff-a9ef-4411f0dd83ac
80805ad6-a552-4fa7-8784-2af919c334b0,2025-07-30 05:56:19.822775+00,57946524-60c0-4854-9dfe-3f8087f61f1f
8087935e-874e-44aa-a201-e3e22a34a5b6,2025-08-27 13:44:30.67905+00,89d3cb78-cdc5-4deb-9599-003a1fd21886
809bf358-bb55-48d4-a8bb-dcbbf875d434,2025-06-25 14:03:35.868158+00,0376abac-d860-4654-8968-b17dc3bb590d
80cc95b3-254b-4668-a57d-d6edd2aa655f,2025-08-12 11:48:46.668359+00,de24353a-4116-42ce-9ab6-17cf284a075c
80ec7090-47ee-4bd2-8951-f20b5af2b9f5,2025-08-20 09:06:27.599195+00,825bcfb5-574c-4782-bfb1-8f0b7faeec25
814dd454-557e-4ac4-a213-bb3be20ebb23,2025-08-04 19:10:19.905405+00,09019473-818b-42e0-8583-76b0ac50436b
816c3d52-8c0b-4dab-a291-6304eeb6854b,2025-05-31 08:18:01.115308+00,1b11a8aa-9433-4bbd-9ffd-6eb741cb6a21
81756043-09de-49c2-8275-2dab68c9104f,2025-06-29 22:11:35.141442+00,1420923d-3e27-4ffb-94eb-ba4aef3067e0
8179beac-5709-4f2f-9e5c-99fd92c66194,2025-07-31 10:05:11.321375+00,66a659e4-ee0a-4966-91cc-5a043a6580f3
81d20e57-9108-4d15-a5e3-7b3918f442c2,2025-06-02 13:46:57.596004+00,098337d2-c7fc-441b-b953-76143f5885f0
82a7379e-c005-4462-8c59-1bcc086b2daa,2025-06-09 07:12:21.452662+00,71091acc-f3da-4843-bc4b-5f1d6ace9f15
82eae661-570e-430d-9e0d-8802df98465b,2025-08-20 13:56:49.970715+00,57946524-60c0-4854-9dfe-3f8087f61f1f
8366c8e1-44b4-480c-a78f-c3146a2dc6b6,2025-07-17 14:30:59.655665+00,210b0eb1-b1cd-419d-ac51-8f5c45f6daf7
83ecc9e4-bf75-4c13-ad83-9fb98a3d37ed,2025-06-04 10:28:21.938771+00,f001e25f-0f7f-4c98-8f33-7816e715a749
83fc1734-d301-4c26-8da5-7fba30fa13d2,2025-07-16 08:14:34.600541+00,b641e08f-5ef7-41f7-811f-11b3b0eae85d
840d4518-9e76-4b7c-a808-750c344e8db8,2025-07-21 12:44:00.556772+00,098337d2-c7fc-441b-b953-76143f5885f0
8422bbd9-5498-4dc4-b5d6-1cfe3f60ddb3,2025-08-17 05:25:21.33482+00,ae51581b-553c-48d3-8233-25920e96f677
843407ee-4159-47e8-b3b0-f9319b1482be,2025-06-06 14:52:57.360077+00,db1c11aa-2ca6-4f93-a97b-369c29c40d27
848a7aae-78d8-4474-9bdc-20b8a048a399,2025-08-11 16:34:54.180759+00,87388c91-8a04-44ee-a930-5e389a3285a5
84e7e32e-de28-439d-9135-5d5ac8148f66,2025-06-06 07:28:11.336704+00,1420923d-3e27-4ffb-94eb-ba4aef3067e0
84efb986-3bdf-4e19-bb32-faad2d5847ab,2025-05-26 13:17:34.115153+00,0376abac-d860-4654-8968-b17dc3bb590d
853efb6d-c880-4877-83b6-d3ee6724b3e9,2025-06-23 20:31:33.990695+00,137d7f93-688e-44b3-98c0-86ddd6c844ac
854bea14-e3b3-4f39-b39f-348d9b139d3f,2025-08-27 11:34:19.16557+00,7c9ef69d-b302-4981-88be-e9a4ed393236
859687b2-37fa-4eec-952f-a1856cb1c814,2025-06-11 04:51:33.931323+00,950b4fe5-c307-4b3a-9bec-95059169c721
85a01588-8822-4fac-b243-e6fb7926408a,2025-06-01 13:44:55.331922+00,b641e08f-5ef7-41f7-811f-11b3b0eae85d
85ac7747-aff1-4b39-9781-be26e93d717a,2025-05-27 13:25:18.611784+00,9d0d5845-9e5c-4e63-834e-e71d44361ffe
85e383f4-33b0-44e0-a6c0-2af37d70072e,2025-06-16 14:55:19.499319+00,09019473-818b-42e0-8583-76b0ac50436b
865324da-1681-4a0d-9172-a52346128a82,2025-06-09 22:31:42.94214+00,f5fb04ab-2653-4c77-9b57-b5d5ef994436
868554f9-70cf-4420-a8e0-be14cc0a06c6,2025-07-17 22:18:54.482871+00,04a233ea-c613-442b-b078-d2c8979cecfc
869930a2-c6c0-44f2-9de3-28523bdc88e6,2025-07-28 12:16:03.227909+00,729957fb-1ca2-45fa-a934-dcde146d7b5a
86b23098-7375-4628-829b-4c8e593de9cd,2025-08-13 12:52:19.505031+00,ae51581b-553c-48d3-8233-25920e96f677
86dbe3f6-06fd-40d6-851f-0f5a7b5bea87,2025-07-31 09:14:20.950098+00,ed1e0ba4-e6b4-44ff-a9ef-4411f0dd83ac
86eae24c-4bfb-4265-9b76-8d0e0e888ace,2025-06-18 09:02:13.216304+00,f001e25f-0f7f-4c98-8f33-7816e715a749
880a9111-e961-4845-b184-d1222e429922,2025-07-03 09:31:24.391328+00,210b0eb1-b1cd-419d-ac51-8f5c45f6daf7
8818bd7d-969f-4364-9193-385f284b6a2e,2025-06-24 07:39:42.6767+00,71091acc-f3da-4843-bc4b-5f1d6ace9f15
884a43f9-1396-40b5-b304-96432e823110,2025-08-28 05:04:47.777334+00,06cc54a8-bf04-4dd4-8481-cdfaac398a2e
8857883d-4d2c-425d-806b-022b1de0e8bb,2025-06-25 20:42:18.596799+00,2a5d0240-3e7f-48cc-aed1-536ba4f9a524
88be4a72-4755-4c19-aabc-28b8ead04653,2025-07-08 20:44:15.562402+00,26fd3f71-80b0-4256-8cb8-ccdd84a18569
88d2926e-2ab3-4a1c-b654-7dd189ab84dc,2025-06-06 12:26:06.891329+00,a15419b2-70af-4644-8dd8-08e144cfbe62
8986d43d-a5a0-499e-9b19-765b08e72312,2025-05-29 12:48:41.749709+00,26fd3f71-80b0-4256-8cb8-ccdd84a18569
8998ec44-5c65-4d95-9bd1-a9df0b4b567c,2025-08-18 08:49:52.472197+00,825bcfb5-574c-4782-bfb1-8f0b7faeec25
89c8da29-c5f0-446c-8fa1-0f1f0aea4197,2025-07-24 05:28:43.689185+00,33b4074e-45d3-47d0-adaa-0f3010c5bb9a
89f64e8a-98c7-4d54-b339-6a10d4f19e19,2025-06-18 09:53:06.979466+00,30e5835a-a1a3-404f-8b00-4828691cd2b8
8a08f1c8-a722-4981-85a4-9ec0f7f7f74e,2025-06-18 08:24:34.856325+00,1420923d-3e27-4ffb-94eb-ba4aef3067e0
8a5a6a03-b233-444c-96eb-994699ec1314,2025-06-02 08:30:58.887826+00,f001e25f-0f7f-4c98-8f33-7816e715a749
8b168071-0677-445d-bdc3-960311ec380f,2025-07-30 07:59:23.912052+00,f6e7916c-72fa-4ebc-8567-062a632a65ef
8b284a46-7bc7-44c8-b82f-de5596c9704f,2025-06-04 07:47:07.577365+00,6eb4a7d4-df95-4e15-a220-8c8ac38545ac
8b73e7be-0562-4470-8e01-56333790efb1,2025-06-26 17:50:23.487563+00,25260b55-8f5f-41d7-9cd8-3df5160621f4
8b8eaf10-d465-4262-aead-285c521e0b5b,2025-08-05 01:12:15.638404+00,137d7f93-688e-44b3-98c0-86ddd6c844ac
8b8ece0a-f02f-4498-aff3-e79b4b91119f,2025-08-14 21:07:10.185913+00,e1b30980-b1ef-4ed4-af21-8f755f290192
8ba2c8cb-a862-4e75-ae4c-12f2eee2e46b,2025-06-29 21:03:58.786316+00,00786864-3ae1-4de6-b04b-7e7235da3a03
8bc89aea-d3b6-47bd-b3b5-af27a246a214,2025-08-20 13:37:10.946387+00,b641e08f-5ef7-41f7-811f-11b3b0eae85d
8bd7227a-348f-420d-82a4-267ef8d4f691,2025-06-23 08:22:24.250383+00,25260b55-8f5f-41d7-9cd8-3df5160621f4
8be9876f-6a29-4c5d-8987-b3628ec7dce2,2025-06-10 13:24:03.426627+00,f001e25f-0f7f-4c98-8f33-7816e715a749
8bf08b84-4d74-4f4e-b609-637ad446eaf8,2025-07-31 09:19:36.289989+00,b641e08f-5ef7-41f7-811f-11b3b0eae85d
8bf8b354-f75e-40cd-9a8b-028819a19a2a,2025-06-16 13:05:14.722298+00,51c36632-72da-45b5-8d81-071251854d50
8c04f696-e224-42a5-a763-6bd540d800a2,2025-08-23 11:24:19.160986+00,89d3cb78-cdc5-4deb-9599-003a1fd21886
8c3606f5-76b1-41a2-bf0e-043e661b7a06,2025-06-28 05:18:19.716406+00,c8be5e35-418b-4afd-b583-f5a2e59ef69b
8c38dc14-3a78-48f8-bf80-152c6ea6b88d,2025-05-30 08:44:30.955824+00,b641e08f-5ef7-41f7-811f-11b3b0eae85d
8c85f11c-cb38-4727-95c9-515a63bfdecb,2025-08-07 13:01:46.177826+00,30e5835a-a1a3-404f-8b00-4828691cd2b8
8cb60bd2-dbca-4b72-948d-9af1ff2e2f8f,2025-07-25 17:58:25.068218+00,2a5d0240-3e7f-48cc-aed1-536ba4f9a524
8d56c08a-1391-44f7-96c3-9633c222de3f,2025-05-30 19:27:13.395531+00,ed1e0ba4-e6b4-44ff-a9ef-4411f0dd83ac
8db41427-e944-4997-bbe0-dfc0850004c0,2025-06-24 16:18:25.112288+00,87388c91-8a04-44ee-a930-5e389a3285a5
8dd45d85-a214-42eb-8d0c-4f18f2a4b624,2025-06-08 13:52:02.406319+00,87388c91-8a04-44ee-a930-5e389a3285a5
8def6802-61c4-4c25-916a-e66c904ac1f5,2025-06-26 12:31:36.073052+00,1420923d-3e27-4ffb-94eb-ba4aef3067e0
8e014cd7-b828-48bf-bf1c-aa61ed1eb9b6,2025-05-26 11:41:06.034429+00,09019473-818b-42e0-8583-76b0ac50436b
8e538630-9a70-478a-bd58-5694b34c86b7,2025-08-19 09:57:01.214969+00,de24353a-4116-42ce-9ab6-17cf284a075c
8e730c5d-c2ed-4e74-bdf6-ab413b6ab1f9,2025-07-02 10:18:28.689555+00,098337d2-c7fc-441b-b953-76143f5885f0
8e769e37-e61f-4de2-b8bd-3a47057faa99,2025-07-04 12:20:05.520577+00,f001e25f-0f7f-4c98-8f33-7816e715a749
8e8634bb-f641-405c-ac92-6a43e473ee51,2025-06-18 07:48:56.133885+00,39af1087-a3ed-4d49-bf9f-033b5149b83c
8ed09214-e5ce-43be-80ef-d0a479c4afc7,2025-08-24 21:12:40.920658+00,729957fb-1ca2-45fa-a934-dcde146d7b5a
8f0a3b04-8535-4928-b366-7341f3efb0f7,2025-06-08 21:53:27.150445+00,51c36632-72da-45b5-8d81-071251854d50
8f19776f-f700-4815-a822-fe1a4549d4ca,2025-06-10 15:37:24.157989+00,87388c91-8a04-44ee-a930-5e389a3285a5
8f2507fc-578b-4c00-9941-8a65fb46cac1,2025-06-20 18:17:07.101618+00,a121ccae-f4ba-4e40-b7e3-c42f52141d34
8f34c89d-99e7-459c-b72e-d20596443cef,2025-08-07 13:00:03.663362+00,a121ccae-f4ba-4e40-b7e3-c42f52141d34
8f55337b-a0ee-4ba6-a94e-6d07721971fd,2025-08-18 13:05:41.056859+00,d47a83a9-1b04-456b-97dd-c383a41a902d
8f8c3e7a-9494-4aab-a314-e4f47ac63bbd,2025-08-24 00:59:08.711425+00,538af738-c9d7-4ebd-8ecd-b0f32e53a7ee
8fcc45ca-c6c8-40cc-888c-b66685d4c863,2025-06-06 08:06:25.205247+00,d2e0628f-6779-44ff-81a3-ba367c277c7b
8fd9ad68-d6ef-40ba-a372-be17c74a22b0,2025-05-26 16:38:07.734899+00,a15419b2-70af-4644-8dd8-08e144cfbe62
90257dcd-dfc6-4180-bb24-5fd4e247e362,2025-06-02 10:05:19.845582+00,137d7f93-688e-44b3-98c0-86ddd6c844ac
9030507c-ed34-47fe-a88e-435dcef4b54f,2025-06-29 17:58:53.068654+00,7c9ef69d-b302-4981-88be-e9a4ed393236
904117b7-f88b-4e40-9fd6-ade420be3c24,2025-07-26 15:35:55.425159+00,9d0d5845-9e5c-4e63-834e-e71d44361ffe
908da1bf-694b-4d24-aa70-be05db8092a7,2025-08-30 05:26:19.31393+00,de24353a-4116-42ce-9ab6-17cf284a075c
90d3b823-8abc-49d2-b5f9-4279a6f06507,2025-08-01 07:05:58.416444+00,de24353a-4116-42ce-9ab6-17cf284a075c
90dc7dc0-ab4c-424d-b22e-ebd4aa56a0cb,2025-07-23 04:45:17.25505+00,c8be5e35-418b-4afd-b583-f5a2e59ef69b
90f12d61-98d4-475f-a712-4f50742a5632,2025-08-20 21:52:17.481974+00,ed1e0ba4-e6b4-44ff-a9ef-4411f0dd83ac
910004e8-292b-422a-953f-ff4db002d9f2,2025-08-01 09:19:52.223914+00,af36623a-9a15-4cf3-ae95-25a0587c0de6
910e40dd-3c8d-46e0-a5f9-a89fca2ad7fc,2025-07-21 10:06:14.439613+00,c8be5e35-418b-4afd-b583-f5a2e59ef69b
91753195-218d-49bb-be56-6472d8f5b428,2025-06-08 06:18:56.416312+00,26fd3f71-80b0-4256-8cb8-ccdd84a18569
917c2352-b94a-4841-a689-5fd376eede05,2025-05-22 04:46:33.096276+00,e7f79f18-c9df-4d69-bc2f-792b81e69563
91851fc6-bc96-4ba2-9044-6302ebb90e33,2025-08-16 20:05:58.194782+00,26fd3f71-80b0-4256-8cb8-ccdd84a18569
918f695c-f87e-49fc-8be2-d06f2e66d374,2025-06-29 13:31:13.740814+00,2a5d0240-3e7f-48cc-aed1-536ba4f9a524
91dd35ce-3e85-4a32-a6f1-5efbb3a0c8d2,2025-08-21 17:21:50.805256+00,7615eba0-4874-4cdf-ad0f-f42683eeee4c
91e3723c-7f5b-4547-8829-17aafbc9a0f8,2025-07-03 05:43:10.201725+00,de24353a-4116-42ce-9ab6-17cf284a075c
9205d35c-9253-4728-959c-c143a8a6f9e0,2025-07-26 10:42:46.293524+00,facd3f57-5262-4169-9046-8a1157cf4c0a
923eb650-e534-41a2-879f-af64cf2f6478,2025-08-10 17:18:39.896416+00,b641e08f-5ef7-41f7-811f-11b3b0eae85d
92616482-00fb-4f19-9a9e-1609d18074fe,2025-06-06 12:42:47.074116+00,098337d2-c7fc-441b-b953-76143f5885f0
92d265df-101b-4771-be23-c3f24bebcb33,2025-07-28 12:20:18.406491+00,de24353a-4116-42ce-9ab6-17cf284a075c
931761d9-f478-44bc-9aa0-106bc6ef5422,2025-07-30 15:56:04.756875+00,40993c03-0338-42b4-a3c2-b13e20bd0022
933f50c8-f93c-4659-b84d-999c897b2857,2025-05-22 08:49:29.437589+00,f02252f9-ca84-4d7b-9f38-af7a04b0a0b0
934c6c0b-e47a-49a2-a0c7-b584fb96a3ae,2025-08-18 05:22:49.530412+00,f5fb04ab-2653-4c77-9b57-b5d5ef994436
935ee6c4-4c30-4bb7-bb2a-b31973d1fa5a,2025-06-26 07:23:40.41237+00,847d22a1-1a73-4021-900e-92dabe99432b
93761b68-0b9a-4e57-920c-6eafcaa4f819,2025-06-27 08:21:18.366408+00,51c36632-72da-45b5-8d81-071251854d50
937764db-46d7-4920-97ca-b098345cf560,2025-07-08 13:10:58.390888+00,a14c4a9c-4e4b-4980-a163-68a56a0a410e
939da7a7-3cd9-4ec6-a05d-852af7adbb31,2025-07-21 12:57:11.795442+00,6b139d49-4da8-4ec8-8db8-b596965273b0
93ab7874-7903-48a8-bb05-f609a0548cc2,2025-05-23 08:12:48.490896+00,538af738-c9d7-4ebd-8ecd-b0f32e53a7ee
93ad2a68-24a4-43cb-996e-bc04437ad014,2025-07-21 09:55:54.229562+00,04a233ea-c613-442b-b078-d2c8979cecfc
93af7dbc-3b4e-4d4a-acfa-44a2aaba6f59,2025-07-20 10:34:58.820224+00,fc369258-14b3-49c0-9506-733a7bc16e23
93b31f92-9bee-4b83-bddd-f7aec07cc884,2025-06-26 06:24:05.339392+00,66a659e4-ee0a-4966-91cc-5a043a6580f3
93bdc416-5f6c-409e-8bef-72f5885e4913,2025-08-26 08:07:04.827023+00,06cc54a8-bf04-4dd4-8481-cdfaac398a2e
93c26963-6575-433a-aaf8-881655d11051,2025-07-25 21:38:36.562687+00,f6e7916c-72fa-4ebc-8567-062a632a65ef
9403cd31-8282-43ed-a78b-921192737198,2025-08-21 09:15:14.883467+00,25260b55-8f5f-41d7-9cd8-3df5160621f4
94264024-f4ba-4941-aa3d-c3c933e071c5,2025-06-06 06:32:35.250694+00,b641e08f-5ef7-41f7-811f-11b3b0eae85d
945bab34-ed5b-431b-9afe-a324ad05d15f,2025-06-03 09:52:53.934628+00,dbba9555-6bce-45a6-97a4-645b079d3cc1
9460fb80-920b-4cff-99df-b7dd5a16dd9f,2025-08-18 14:12:12.050939+00,1bdfe47e-be9d-459c-9270-627aa6420e04
9469814d-394f-44bd-9756-719f95004771,2025-08-02 12:38:45.835377+00,de24353a-4116-42ce-9ab6-17cf284a075c
94e5d7c0-eb6a-46a6-b6de-40a989d0e082,2025-06-08 19:50:57.252091+00,f80d1efa-2f07-4933-ae43-0288622718a9
94f91c60-fbec-42a3-97c9-c6a76d048d22,2025-06-03 06:49:16.219005+00,825bcfb5-574c-4782-bfb1-8f0b7faeec25
951f3057-d1be-4dfc-9126-d7d3425b32df,2025-07-26 12:56:19.920385+00,098337d2-c7fc-441b-b953-76143f5885f0
952bb6d5-0cc0-4855-a3fd-b57be4e187ba,2025-08-26 07:20:32.267565+00,e4de6140-36f4-4a11-8499-26421878afd2
957f0c75-cf6f-463f-9019-e1dc90c8afa5,2025-06-19 06:36:13.534956+00,71091acc-f3da-4843-bc4b-5f1d6ace9f15
95b05314-392c-4600-981a-1ddc69b86d5d,2025-06-04 00:45:23.210815+00,a121ccae-f4ba-4e40-b7e3-c42f52141d34
95e02336-df81-4eae-9258-b6d66390c5e7,2025-08-15 08:43:45.610834+00,7ab05933-9292-49a5-a8e4-74ddbce75789
966d891c-213b-494b-ad0f-ef02cfce238a,2025-06-19 17:35:56.249881+00,51c36632-72da-45b5-8d81-071251854d50
968f6b0d-b0d9-42de-a217-e5692680dd89,2025-08-18 07:53:26.316672+00,de24353a-4116-42ce-9ab6-17cf284a075c
96ac6df7-3ad1-4f07-830d-c09048d2d6c4,2025-07-29 06:13:18.945012+00,fc369258-14b3-49c0-9506-733a7bc16e23
96ba6d91-f315-47e4-964d-67791593a3b8,2025-07-25 13:22:46.963984+00,41dea018-f10f-412c-9d70-c4f7e8131ab8
96d0e116-1d05-4898-a896-85d3ea449a05,2025-08-26 08:54:04.946799+00,9878cd0c-5411-443d-abc6-77ed1281799a
97061e3a-4768-4849-bed0-88c692f225ab,2025-07-01 20:28:56.579169+00,847d22a1-1a73-4021-900e-92dabe99432b
97619951-4472-461d-8361-c6d909c3180b,2025-06-02 15:16:14.946829+00,71091acc-f3da-4843-bc4b-5f1d6ace9f15
97731746-0385-47ae-ba48-741d79329c8d,2025-08-12 17:28:29.943381+00,57946524-60c0-4854-9dfe-3f8087f61f1f
978445c8-a9d3-4c26-be52-bf15f9345594,2025-07-26 06:53:49.304152+00,ac9b1d36-1825-46e0-9c94-6c1733a5559a
97a13b62-331d-49d3-938d-c68287e7847c,2025-07-02 00:05:01.663234+00,c8718bee-c77f-46c8-99a0-2b05ef934dcf
97b9f124-2458-4083-ba3e-cfaea4dded6a,2025-08-07 13:04:11.746077+00,39af1087-a3ed-4d49-bf9f-033b5149b83c
9826dbea-b04a-46df-8d84-e12f9e88b879,2025-07-07 20:11:52.311018+00,fc369258-14b3-49c0-9506-733a7bc16e23
98358e59-ada8-48ee-acc7-260ee767cdb1,2025-05-21 00:46:16.285165+00,41dea018-f10f-412c-9d70-c4f7e8131ab8
985009fd-bbe4-4758-af51-79876fd6396e,2025-07-26 18:24:37.66679+00,3562906a-53db-44a5-ae59-756fb7a5b678
987e4d3c-95f5-4b7f-bc75-91ad176356b1,2025-07-10 08:00:37.559839+00,0376abac-d860-4654-8968-b17dc3bb590d
98846513-8ea5-4051-9dc9-09016c4a2246,2025-07-22 17:15:50.390129+00,71091acc-f3da-4843-bc4b-5f1d6ace9f15
98b37cad-a775-4843-aac1-f38f991fef63,2025-06-03 06:45:24.216661+00,87388c91-8a04-44ee-a930-5e389a3285a5
98d92a54-c2f4-4242-9341-bf56ec85aa27,2025-06-09 20:16:13.247444+00,51c36632-72da-45b5-8d81-071251854d50
990f6947-c47c-426b-8aab-01056e34c3cb,2025-07-31 04:21:52.153978+00,d2e0628f-6779-44ff-81a3-ba367c277c7b
9958b9ac-91a8-4f1f-936b-cf1ecde1f7d3,2025-07-03 20:42:52.400955+00,d47a83a9-1b04-456b-97dd-c383a41a902d
995b3837-588a-48aa-ad85-fe8457ef540c,2025-06-19 05:12:21.319904+00,25260b55-8f5f-41d7-9cd8-3df5160621f4
99697620-b715-4962-93c4-0d3848076ad9,2025-06-08 07:49:08.681809+00,b641e08f-5ef7-41f7-811f-11b3b0eae85d
99705d20-d473-435d-92d9-154cb10e702b,2025-08-25 11:32:13.213488+00,098337d2-c7fc-441b-b953-76143f5885f0
998bd3ec-6aa4-4947-846d-212732a679ea,2025-06-17 16:14:37.499197+00,71091acc-f3da-4843-bc4b-5f1d6ace9f15
9a22a8b6-0655-418d-bea8-fa5bbfafb067,2025-07-30 16:11:02.163844+00,00786864-3ae1-4de6-b04b-7e7235da3a03
9a280fe7-c6ac-4b18-b841-c9adb95aeb59,2025-05-31 17:31:45.672776+00,26fd3f71-80b0-4256-8cb8-ccdd84a18569
9a2b1772-8aa5-4847-adb1-e5994cf45056,2025-05-27 11:23:02.14868+00,098337d2-c7fc-441b-b953-76143f5885f0
9a35b698-0ab5-4b8f-b296-00bd34e5d81e,2025-08-11 13:18:00.552503+00,d47a83a9-1b04-456b-97dd-c383a41a902d
9a3a4d7f-27fc-4ab3-a722-50ce505779c8,2025-06-30 13:34:27.506455+00,25260b55-8f5f-41d7-9cd8-3df5160621f4
9a540950-0380-49c4-b1ed-9636e32fb97a,2025-06-05 07:35:20.599685+00,b917ee43-265c-4cbd-b512-e551efc978a6
9a64ca68-311b-4e24-95bd-55c11cc65d21,2025-06-06 07:13:04.289663+00,f5fb04ab-2653-4c77-9b57-b5d5ef994436
9a678b93-0e23-4ffc-bcfa-819e2eae2fe8,2025-06-23 02:03:35.136724+00,950b4fe5-c307-4b3a-9bec-95059169c721
9a8d7ffc-9af4-482e-b799-d69fb776438d,2025-08-21 11:47:52.262941+00,538af738-c9d7-4ebd-8ecd-b0f32e53a7ee
9aaa8e21-3c20-4229-abea-eaeaf532274c,2025-05-22 13:27:47.90308+00,0376abac-d860-4654-8968-b17dc3bb590d
9ac13972-05bf-473f-9122-36083cdc7095,2025-08-09 07:58:15.492831+00,26fd3f71-80b0-4256-8cb8-ccdd84a18569
9ae5bfb9-c1c2-4169-b4f0-35e5633b2bfb,2025-06-14 23:00:18.607897+00,f5fb04ab-2653-4c77-9b57-b5d5ef994436
9b3daff5-2b12-49ce-a67a-6e7dd969cda9,2025-08-06 16:26:53.508212+00,f001e25f-0f7f-4c98-8f33-7816e715a749
9c0e2edd-c19d-44ab-8685-7de60d98972c,2025-06-17 01:48:37.203496+00,2a5d0240-3e7f-48cc-aed1-536ba4f9a524
9c62d8f8-e777-49ff-a65b-2a0a821a9115,2025-06-05 14:20:13.025291+00,41dea018-f10f-412c-9d70-c4f7e8131ab8
9cb3efaa-b39c-4e0a-90d3-ce7337c7d669,2025-06-18 04:23:58.599586+00,6b139d49-4da8-4ec8-8db8-b596965273b0
9cc08a21-366f-4355-b032-b1b4e835c826,2025-08-27 10:29:42.220585+00,87388c91-8a04-44ee-a930-5e389a3285a5
9cc39e74-ddbf-4227-92c1-5ef4cb2a0555,2025-05-23 07:11:35.292511+00,de24353a-4116-42ce-9ab6-17cf284a075c
9cc66202-3ca1-4a62-96a5-e19e13dfa87c,2025-07-25 20:21:10.114566+00,ec0378f9-ac71-4d1f-bed8-a858360277a0
9cd54f82-7775-478d-a979-f854b774f0cb,2025-06-13 11:32:18.15522+00,d2e0628f-6779-44ff-81a3-ba367c277c7b
9cec6469-30f7-49ea-99eb-e1e4678f85a1,2025-05-26 15:12:47.630154+00,811c763a-689c-4f13-8547-56eaf937670f
9d3c6734-ffbe-4089-9b20-67e3a14d666b,2025-07-21 11:26:38.160689+00,20a66028-bafc-4bee-af91-922b11a68bef
9d487786-c164-4810-a11c-16ea0a5ecc9f,2025-06-27 15:33:09.681052+00,f80d1efa-2f07-4933-ae43-0288622718a9
9d4b01d1-073f-4a9d-b207-d356aa7da0ee,2025-08-05 10:36:10.285097+00,57946524-60c0-4854-9dfe-3f8087f61f1f
9d95971d-48fd-472f-9337-e8e4e9c8c511,2025-08-22 09:21:08.451931+00,5029fcf3-0e93-4387-bd27-5c1054a8ee64
9db71de4-eb50-4b97-b377-0e15c63f4e51,2025-07-05 10:50:04.741502+00,847d22a1-1a73-4021-900e-92dabe99432b
9dfad55b-f95e-446a-bcce-5675685e6db9,2025-05-22 08:21:08.370177+00,cf85e9e2-6610-451a-b376-22669424e3bd
9e1f301d-479a-4e11-a9eb-035a223a415f,2025-06-11 10:48:31.069124+00,a15419b2-70af-4644-8dd8-08e144cfbe62
9e2e9578-e705-430e-a52b-4541b04d87a4,2025-05-23 08:01:02.975144+00,950b4fe5-c307-4b3a-9bec-95059169c721
9e476c19-33c4-469f-9e39-1106c1bae360,2025-05-23 06:54:05.863728+00,77e06b6d-825d-4506-b8e8-a9c32f109c76
9ec6ab3b-8fb1-4f03-b6d5-2577a623dbb8,2025-05-27 12:06:18.717277+00,a15419b2-70af-4644-8dd8-08e144cfbe62
9edc8f20-bb1b-4232-88b3-c7477d6d2bc0,2025-06-22 07:25:47.085663+00,098337d2-c7fc-441b-b953-76143f5885f0
9f062477-a19d-4141-8a14-21bbc990bde2,2025-07-03 06:46:09.118291+00,71091acc-f3da-4843-bc4b-5f1d6ace9f15
9f18da48-1bcb-4223-9ca0-86b383ab782c,2025-08-12 10:18:06.711438+00,6eb4a7d4-df95-4e15-a220-8c8ac38545ac
9f60edd5-2338-4c4b-8ba4-5d37138f8f45,2025-05-31 10:00:19.821453+00,0376abac-d860-4654-8968-b17dc3bb590d
9f63af3a-c5fa-437c-b270-1fe420dfb7d2,2025-06-05 08:18:39.63295+00,b641e08f-5ef7-41f7-811f-11b3b0eae85d
9fb590c5-d88e-4df7-97bc-5848cd1bb495,2025-08-07 13:14:28.501507+00,1420923d-3e27-4ffb-94eb-ba4aef3067e0
9fc6ab92-ef0c-44d5-a5c9-bf8609368313,2025-08-19 09:21:02.262193+00,098337d2-c7fc-441b-b953-76143f5885f0
9fcf1487-21f5-428e-a874-9a244ef27e95,2025-07-11 20:32:29.250574+00,4b2a1a98-e437-4693-a759-ed1152327912
a06f9d14-74ff-4037-9b06-f7eafd747a00,2025-07-30 06:31:11.111051+00,d47a83a9-1b04-456b-97dd-c383a41a902d
a0785e6f-7bc3-43c6-a689-a5c9d1b53cc2,2025-06-20 14:57:22.72788+00,f001e25f-0f7f-4c98-8f33-7816e715a749
a0aff9e6-a0f3-4247-85cf-e9495a6cf98b,2025-08-22 11:37:24.53735+00,f80d1efa-2f07-4933-ae43-0288622718a9
a0bc2c7c-9d79-4573-bd95-8bde73c563bf,2025-08-03 18:32:33.706974+00,538af738-c9d7-4ebd-8ecd-b0f32e53a7ee
a0ea4726-0c1f-4af1-83f9-24a4b77bf449,2025-07-28 07:57:21.57856+00,b641e08f-5ef7-41f7-811f-11b3b0eae85d
a10ccb1a-3e50-456b-a8d6-d799bda0ad77,2025-06-07 16:17:41.698848+00,1b11a8aa-9433-4bbd-9ffd-6eb741cb6a21
a111968d-f38c-41ec-bc34-9a1e8b35db02,2025-07-25 06:46:28.16018+00,b641e08f-5ef7-41f7-811f-11b3b0eae85d
a13400f1-062d-41ff-a606-f629ee7b2850,2025-08-01 20:16:40.792255+00,538af738-c9d7-4ebd-8ecd-b0f32e53a7ee
a13929e8-a15a-4cde-99e3-7663ffd1286d,2025-07-31 09:31:47.634422+00,da34e3f3-1668-4ee4-b898-b373eb0d27f9
a14e1017-d8c8-41f4-b8c3-381f6eece68f,2025-07-19 07:19:27.876036+00,40993c03-0338-42b4-a3c2-b13e20bd0022
a1e2c595-c205-4175-93ef-cb14e46d2c74,2025-06-17 14:09:46.759705+00,c8be5e35-418b-4afd-b583-f5a2e59ef69b
a21dcd56-34ab-419a-b395-bad901290ac1,2025-07-18 11:11:25.995989+00,ed1e0ba4-e6b4-44ff-a9ef-4411f0dd83ac
a22557b1-723e-40e6-9a3a-8545e301c3f3,2025-08-11 13:54:21.445701+00,4b2a1a98-e437-4693-a759-ed1152327912
a2a4b238-7cdd-4c4b-8844-c35c131b9a0e,2025-06-29 18:12:19.732869+00,d2e0628f-6779-44ff-81a3-ba367c277c7b
a2c6c6ca-1fd7-494c-96ab-96a7b2c63834,2025-06-03 08:37:20.703653+00,1b11a8aa-9433-4bbd-9ffd-6eb741cb6a21
a2c8bedd-8468-4074-a106-522470e8909c,2025-07-26 09:11:40.62083+00,30e5835a-a1a3-404f-8b00-4828691cd2b8
a2cc7e15-cae8-4bfd-be49-fdf7f17e42fa,2025-06-10 18:11:23.581397+00,210b0eb1-b1cd-419d-ac51-8f5c45f6daf7
a30e2671-2f87-4532-8ddf-52f31b610783,2025-06-16 13:11:48.190232+00,f8eeda44-ffd2-46b7-aa06-4eb17f6b4fff
a32a45a0-e154-4b7d-8ae5-2c12bdbff37d,2025-07-30 17:39:01.862389+00,af36623a-9a15-4cf3-ae95-25a0587c0de6
a38cf31e-1830-46c6-9fd9-4e6739071ee6,2025-08-07 21:46:41.996138+00,c8be5e35-418b-4afd-b583-f5a2e59ef69b
a39c8650-af26-47f5-83ed-5b560dece89d,2025-05-23 13:42:23.567707+00,7c9ef69d-b302-4981-88be-e9a4ed393236
a3b55835-60f1-4d50-ae9d-7d971d81d05c,2025-06-16 13:05:20.393966+00,a15419b2-70af-4644-8dd8-08e144cfbe62
a3d71321-3a14-4f8a-b2d6-95296975c7bd,2025-06-14 16:21:48.345029+00,1b11a8aa-9433-4bbd-9ffd-6eb741cb6a21
a409dec5-9e34-4bdd-a832-61086198bd7b,2025-07-15 18:33:39.315193+00,c83fa279-78ed-431e-b017-f3cbf0490c52
a426c8eb-98f8-4511-bbe7-b42024c66897,2025-07-21 07:03:27.19325+00,db1c11aa-2ca6-4f93-a97b-369c29c40d27
a4b913dc-3332-406d-abdd-28b3766e6a3f,2025-06-01 07:32:43.488286+00,5ac75ad5-ecac-47f1-bf9b-52bd9f1f420c
a4be0d44-1c5d-42dc-8ac2-b82d0c13d103,2025-07-16 10:01:22.576+00,71091acc-f3da-4843-bc4b-5f1d6ace9f15
a4c6995d-e9c6-47ed-95cc-7df9698a94a6,2025-05-28 09:49:53.805767+00,811c763a-689c-4f13-8547-56eaf937670f
a522dd00-240d-4086-a9f0-c1233cad9a75,2025-07-24 16:55:55.687163+00,de24353a-4116-42ce-9ab6-17cf284a075c
a534b823-9fed-4e5c-a255-00655c16c690,2025-08-28 12:24:13.366109+00,66a659e4-ee0a-4966-91cc-5a043a6580f3
a53aae4a-07ce-43ad-9f9e-ba3a5520982d,2025-05-27 17:02:57.477852+00,ed1e0ba4-e6b4-44ff-a9ef-4411f0dd83ac
a546baf4-54e2-43ef-a61a-441e91b94074,2025-07-16 15:19:37.133679+00,ed1e0ba4-e6b4-44ff-a9ef-4411f0dd83ac
a566ae37-1e84-4e9e-ae70-348d189e1d69,2025-06-07 00:02:02.355919+00,1420923d-3e27-4ffb-94eb-ba4aef3067e0
a67fd248-559a-41e5-98d2-9f420b2dd773,2025-05-27 07:11:27.396382+00,538af738-c9d7-4ebd-8ecd-b0f32e53a7ee
a69e4b74-8609-4a45-86f5-661145f0be93,2025-08-19 09:08:31.043292+00,825bcfb5-574c-4782-bfb1-8f0b7faeec25
a6b380a4-bd30-4192-87e2-a072b1ab328d,2025-07-18 15:35:28.876619+00,098337d2-c7fc-441b-b953-76143f5885f0
a6f079b4-4f61-4e5f-bc9c-6fc796d7997d,2025-06-16 13:05:29.783476+00,210b0eb1-b1cd-419d-ac51-8f5c45f6daf7
a704ed6b-be9f-4ea0-b3a2-af429fd0ed50,2025-07-18 06:44:44.81086+00,f001e25f-0f7f-4c98-8f33-7816e715a749
a709a7bb-a463-4e99-acc2-32931c8e22af,2025-08-11 10:29:30.112186+00,26fd3f71-80b0-4256-8cb8-ccdd84a18569
a7489193-73fe-4b5f-b6f1-a0377a9ff40a,2025-06-10 17:19:24.245595+00,538af738-c9d7-4ebd-8ecd-b0f32e53a7ee
a753206e-7283-4f37-b07b-6dee94088bed,2025-07-06 16:49:41.6549+00,c8be5e35-418b-4afd-b583-f5a2e59ef69b
a760c221-5911-4610-8b79-aa5b05a65a27,2025-07-23 08:00:02.387709+00,b641e08f-5ef7-41f7-811f-11b3b0eae85d
a7848b2e-7eea-4907-850e-27f64fc0a26b,2025-06-05 13:42:38.692291+00,8656147c-c222-4568-bce0-3a1c5f9fd323
a78c7464-2120-4860-895b-0ea6a1962b91,2025-05-28 21:47:46.522181+00,26fd3f71-80b0-4256-8cb8-ccdd84a18569
a7f20fbf-1f83-4860-a5ad-bc3da3187a75,2025-06-06 06:24:02.660661+00,a121ccae-f4ba-4e40-b7e3-c42f52141d34
a8549a38-0b10-4650-9413-bf5db8154f00,2025-08-08 07:36:01.324502+00,71091acc-f3da-4843-bc4b-5f1d6ace9f15
a871ffdf-605f-4b54-adc7-4540b10ec15d,2025-06-14 11:33:23.13582+00,09019473-818b-42e0-8583-76b0ac50436b
a8925a2b-82e6-40a5-a3e8-13cd4089dfaf,2025-07-31 16:28:49.068035+00,2a5d0240-3e7f-48cc-aed1-536ba4f9a524
a89b85ab-ff06-49f1-b945-7120a7f56584,2025-05-26 09:45:05.593788+00,210b0eb1-b1cd-419d-ac51-8f5c45f6daf7
a89c5d9a-65bf-4982-afb1-0293bdf06835,2025-06-18 11:54:15.381961+00,87388c91-8a04-44ee-a930-5e389a3285a5
a8a060c2-5009-412f-95e1-6f82966754dc,2025-07-08 19:38:37.761279+00,137d7f93-688e-44b3-98c0-86ddd6c844ac
a8c240c9-1db5-45fb-856d-bc1fa2a01d1a,2025-07-26 12:20:01.819392+00,2a5d0240-3e7f-48cc-aed1-536ba4f9a524
a8df56ef-24f4-48a7-9ae7-a7ac61b7cc85,2025-08-07 20:21:37.975323+00,66a659e4-ee0a-4966-91cc-5a043a6580f3
a8fd8c4c-85e9-496b-bfd8-ed50c4041912,2025-08-07 14:15:47.270836+00,87388c91-8a04-44ee-a930-5e389a3285a5
a9392922-44a6-4f96-b959-6b3c8cce14f1,2025-06-22 13:56:59.178437+00,5ac75ad5-ecac-47f1-bf9b-52bd9f1f420c
a9dc128a-45bb-4f3c-9293-537344e091a0,2025-08-05 10:15:13.737695+00,04a233ea-c613-442b-b078-d2c8979cecfc
aa0a1b4b-c5d9-4178-a331-666ab0e731fd,2025-07-27 20:32:38.622236+00,c8718bee-c77f-46c8-99a0-2b05ef934dcf
aa320958-9a47-478d-bd7c-f3d983599ba4,2025-05-30 09:14:26.426384+00,f02252f9-ca84-4d7b-9f38-af7a04b0a0b0
aa34eb32-2905-4b60-91cd-a48e5de3830a,2025-07-24 14:17:38.700215+00,f001e25f-0f7f-4c98-8f33-7816e715a749
aa503e3e-e876-4f43-b888-6071a3b84e60,2025-06-22 20:11:47.073889+00,71091acc-f3da-4843-bc4b-5f1d6ace9f15
aa74f1aa-f998-47f2-962a-a17915f2505f,2025-07-23 05:27:51.638437+00,00786864-3ae1-4de6-b04b-7e7235da3a03
ab199511-7c8f-4e9b-bfc5-e30167f46488,2025-08-28 13:04:37.729472+00,7c9ef69d-b302-4981-88be-e9a4ed393236
ab80d370-4ed6-4088-8a39-d785f7b4acc7,2025-06-02 10:56:44.363399+00,04a233ea-c613-442b-b078-d2c8979cecfc
abb9ab88-edb1-4897-9ef4-2ca897f41765,2025-05-31 23:49:52.263738+00,83a6d6c1-0ed1-4332-8fbb-9dea9216bccd
abbc2427-a67b-4721-a0b5-a4b8a8130bf1,2025-08-11 19:18:14.157276+00,7c9ef69d-b302-4981-88be-e9a4ed393236
abd283be-9fdc-4203-b96f-6745a82c7c5e,2025-05-25 20:47:04.04223+00,f5fb04ab-2653-4c77-9b57-b5d5ef994436
abe26e21-7d00-48d7-b763-fee8e5038e01,2025-08-08 14:14:09.717961+00,87388c91-8a04-44ee-a930-5e389a3285a5
ac1a7582-fe3b-4266-908d-1415f5719b3f,2025-07-21 14:21:18.383099+00,33b4074e-45d3-47d0-adaa-0f3010c5bb9a
ac4e5b7e-da9e-4ba2-a494-ac6817aa38d3,2025-08-04 15:09:27.868996+00,729957fb-1ca2-45fa-a934-dcde146d7b5a
ac692630-6a51-42bb-8933-9da346e2356a,2025-07-19 00:25:24.841423+00,de24353a-4116-42ce-9ab6-17cf284a075c
ace226df-717e-40c4-ac80-93489cd7218f,2025-08-06 10:05:06.237395+00,c8be5e35-418b-4afd-b583-f5a2e59ef69b
ace9d068-4ca0-4f13-844f-0dca73a8acbf,2025-06-19 12:54:42.051372+00,04a233ea-c613-442b-b078-d2c8979cecfc
ada3559d-766f-47dc-a899-1a1a504a2a52,2025-08-09 06:21:09.949104+00,71091acc-f3da-4843-bc4b-5f1d6ace9f15
ada94b84-73e4-4202-9f6c-96599f4284e1,2025-06-15 18:10:20.995433+00,098337d2-c7fc-441b-b953-76143f5885f0
adda8851-b267-44f2-8101-f20c206fddd5,2025-07-14 20:49:26.78692+00,7ab05933-9292-49a5-a8e4-74ddbce75789
addf4055-26ba-4d51-80dc-204391fd6645,2025-08-15 05:24:16.307435+00,de24353a-4116-42ce-9ab6-17cf284a075c
ade692e4-801d-4388-8fee-b5f028cbea3f,2025-05-26 15:19:49.306895+00,00786864-3ae1-4de6-b04b-7e7235da3a03
adf8fe8a-8507-4167-951b-431959b4c173,2025-06-18 08:52:01.814586+00,098337d2-c7fc-441b-b953-76143f5885f0
adfcba67-2232-4888-bfbf-72e9485ca2d9,2025-08-13 06:18:32.316655+00,9d0d5845-9e5c-4e63-834e-e71d44361ffe
ae11b543-5add-4f02-bf3a-73cd49209d48,2025-05-26 15:51:01.122476+00,de24353a-4116-42ce-9ab6-17cf284a075c
ae1cc7c5-3fca-45a8-aaef-2c8303242b43,2025-08-13 05:51:12.366518+00,de24353a-4116-42ce-9ab6-17cf284a075c
ae577347-2de9-4a26-9c7d-e58867e2f1be,2025-07-31 11:43:38.753864+00,f001e25f-0f7f-4c98-8f33-7816e715a749
ae57b529-b451-48d0-8d02-252ff430b44e,2025-05-28 03:33:07.94751+00,950b4fe5-c307-4b3a-9bec-95059169c721
ae7ba321-3a7c-463c-8ee0-b4b5924ab575,2025-08-12 03:54:45.415062+00,26fd3f71-80b0-4256-8cb8-ccdd84a18569
ae7e7702-dbf1-44ff-8c87-788eb59992e9,2025-05-29 00:34:36.598414+00,538af738-c9d7-4ebd-8ecd-b0f32e53a7ee
ae991849-1243-43f8-8802-19ee2ac1efc4,2025-06-17 05:36:33.965246+00,87388c91-8a04-44ee-a930-5e389a3285a5
aeaf7202-0323-4e90-aaa6-b6d9ba80c9d9,2025-07-01 11:57:07.612697+00,7ab05933-9292-49a5-a8e4-74ddbce75789
aeb38e99-57c4-40dc-b2cf-f9766579f40a,2025-08-07 13:40:52.116578+00,ac9b1d36-1825-46e0-9c94-6c1733a5559a
aef907eb-c8d3-4449-9570-859f23e145e1,2025-08-29 18:46:01.644273+00,fc369258-14b3-49c0-9506-733a7bc16e23
af0d129f-e084-4936-a6c4-da658548a1e5,2025-06-08 17:38:25.657985+00,00786864-3ae1-4de6-b04b-7e7235da3a03
af0d8e94-041a-4b52-b77d-f631cd85c1df,2025-05-30 12:06:05.197604+00,f5fb04ab-2653-4c77-9b57-b5d5ef994436
afc8e96d-ec98-4ae3-8c37-764dabf47b18,2025-06-13 07:58:17.214159+00,1420923d-3e27-4ffb-94eb-ba4aef3067e0
afdc3fd9-1d2d-448f-9bf8-c6c902617ce5,2025-07-07 11:03:44.268641+00,729957fb-1ca2-45fa-a934-dcde146d7b5a
b0006704-01a6-4450-8652-876883d539f0,2025-08-20 01:44:42.449015+00,e1b30980-b1ef-4ed4-af21-8f755f290192
b0202e5e-ab24-448d-94f3-cf8bbbc85848,2025-08-15 08:23:32.303547+00,fc369258-14b3-49c0-9506-733a7bc16e23
b036d6ff-83f1-4885-b1c3-65f7552a1cc9,2025-06-10 16:05:03.429304+00,09019473-818b-42e0-8583-76b0ac50436b
b056956b-0cd5-4520-8bdc-b34df2168da4,2025-07-09 08:05:44.253877+00,8656147c-c222-4568-bce0-3a1c5f9fd323
b06d2af7-0c8a-4c21-8a47-ac1eb5cf9513,2025-08-08 00:41:51.77414+00,57946524-60c0-4854-9dfe-3f8087f61f1f
b091fb68-3c8f-4478-a8c0-a637104b75d8,2025-06-06 05:28:21.297838+00,a14c4a9c-4e4b-4980-a163-68a56a0a410e
b0b9fe43-8463-4833-ba4b-d1adf3591716,2025-05-26 10:07:58.00001+00,6eb4a7d4-df95-4e15-a220-8c8ac38545ac
b0bb6e68-aa39-42ec-b57a-101c060a9840,2025-06-03 06:30:13.299832+00,f001e25f-0f7f-4c98-8f33-7816e715a749
b0f30a94-343a-4d7c-9024-8f937863a880,2025-06-22 15:38:17.403751+00,c8be5e35-418b-4afd-b583-f5a2e59ef69b
b1269cea-3197-46de-9b50-f9f737a016a8,2025-08-17 21:09:28.008948+00,825bcfb5-574c-4782-bfb1-8f0b7faeec25
b15f942f-f761-45e6-96ae-26606f371cb1,2025-07-27 20:46:56.809027+00,5ac75ad5-ecac-47f1-bf9b-52bd9f1f420c
b1985439-29f7-4227-a2db-63fd8b49b2ec,2025-06-17 06:21:46.384406+00,d2e0628f-6779-44ff-81a3-ba367c277c7b
b1a3ed35-96cd-4941-a4b1-e0a75a5494d6,2025-07-21 15:21:35.475627+00,7615eba0-4874-4cdf-ad0f-f42683eeee4c
b1b09986-3ab3-47d4-b301-13d46099fcbc,2025-08-07 13:01:20.07002+00,26fd3f71-80b0-4256-8cb8-ccdd84a18569
b1b1768c-eb35-4c8d-a796-6dd76741bc92,2025-07-26 13:42:56.453157+00,8656147c-c222-4568-bce0-3a1c5f9fd323
b1b3d85a-9e7f-488b-bd58-e82b70a551e5,2025-05-30 13:52:36.366181+00,cf85e9e2-6610-451a-b376-22669424e3bd
b24a2f60-34b0-44d4-a34f-e01be678f985,2025-06-16 05:07:11.354519+00,ae51581b-553c-48d3-8233-25920e96f677
b2fb6d99-cfd7-4918-b2cc-a4e359c86d13,2025-08-18 08:49:48.66425+00,f001e25f-0f7f-4c98-8f33-7816e715a749
b3213a90-b6ff-4c09-9c2f-88c2789a13bc,2025-08-10 08:29:32.128551+00,d47a83a9-1b04-456b-97dd-c383a41a902d
b3bce65a-2f46-4c1a-8b0f-c147fff7b585,2025-06-05 14:01:51.795992+00,950b4fe5-c307-4b3a-9bec-95059169c721
b42feec5-ced0-4bc6-98b6-ab62943a7b89,2025-07-22 22:02:52.398156+00,c83fa279-78ed-431e-b017-f3cbf0490c52
b49dc381-d4e5-4fa8-809f-8d474684650c,2025-07-30 12:06:30.676248+00,c83fa279-78ed-431e-b017-f3cbf0490c52
b4bbf99d-b50b-4fec-a192-98eb40e74690,2025-06-05 13:41:39.933859+00,40993c03-0338-42b4-a3c2-b13e20bd0022
b4e63605-7ef0-40e4-96bb-9dcea03379df,2025-07-31 16:27:39.952075+00,20a66028-bafc-4bee-af91-922b11a68bef
b506ed7e-cce9-47b4-b08f-6e3709e34360,2025-07-31 14:47:11.153619+00,ac9b1d36-1825-46e0-9c94-6c1733a5559a
b52bf2ac-5fed-4d39-b7d2-294f48d20074,2025-07-19 04:23:44.384627+00,afcf2728-429a-4e00-9c51-92f4389c72ed
b551722c-2452-4ab5-8a3c-9784eb06026d,2025-06-13 13:33:51.298871+00,26fd3f71-80b0-4256-8cb8-ccdd84a18569
b594882e-4358-4f4f-91b0-cf1dfc4f139b,2025-05-26 05:53:39.267288+00,538af738-c9d7-4ebd-8ecd-b0f32e53a7ee
b5a3808d-3fb7-4cc9-b8e8-cda787c5f6bd,2025-05-22 10:07:45.256102+00,ae51581b-553c-48d3-8233-25920e96f677
b5dfaa74-954b-4114-a298-717b3e5114d1,2025-07-29 21:00:10.783739+00,6b139d49-4da8-4ec8-8db8-b596965273b0
b6243061-b9de-4d02-966b-b868366f90c2,2025-07-27 11:34:33.471219+00,4b2a1a98-e437-4693-a759-ed1152327912
b64f1a75-c359-4837-ad5c-1ba8ca43599e,2025-07-29 11:54:02.858814+00,30e5835a-a1a3-404f-8b00-4828691cd2b8
b65fbef4-dece-469d-823a-c8939032949f,2025-08-29 16:48:29.4159+00,c8be5e35-418b-4afd-b583-f5a2e59ef69b
b6785abb-055a-4b65-8949-9af8deed9c8f,2025-06-29 09:21:30.556077+00,b641e08f-5ef7-41f7-811f-11b3b0eae85d
b67e20c5-83ea-47f9-b7c8-ab986abb2f1a,2025-08-07 13:29:48.715088+00,25260b55-8f5f-41d7-9cd8-3df5160621f4
b697853e-26ff-4c0a-800a-a194e1124c30,2025-06-06 11:53:47.589974+00,40993c03-0338-42b4-a3c2-b13e20bd0022
b6e26d73-03e2-4670-8d49-9178e5334c7e,2025-05-26 13:53:56.792025+00,77e06b6d-825d-4506-b8e8-a9c32f109c76
b7100a1e-9926-4262-8a01-12b2a3491274,2025-08-26 07:26:49.405802+00,ae51581b-553c-48d3-8233-25920e96f677
b71096e4-c678-4569-af25-674997207791,2025-07-30 09:27:58.271592+00,30e5835a-a1a3-404f-8b00-4828691cd2b8
b815274f-7d0f-4fd2-b864-fca5615d7d3d,2025-07-28 08:11:23.053441+00,2a5d0240-3e7f-48cc-aed1-536ba4f9a524
b83d7e69-29a6-4256-92cb-31c37ba3550d,2025-05-31 03:19:17.833202+00,538af738-c9d7-4ebd-8ecd-b0f32e53a7ee
b86ddf14-1637-4ccd-b778-7dc037d592cc,2025-08-08 02:54:31.232486+00,729957fb-1ca2-45fa-a934-dcde146d7b5a
b960dc07-7ce9-4f56-a0a2-ef706e75146f,2025-08-07 14:04:30.876758+00,d2e0628f-6779-44ff-81a3-ba367c277c7b
b98bec44-3341-4ff8-928a-bf21786d4a39,2025-06-10 14:32:37.607049+00,51c36632-72da-45b5-8d81-071251854d50
b9e7c09e-3336-46bb-a7eb-afc21aa805b8,2025-07-22 02:53:54.912954+00,f5fb04ab-2653-4c77-9b57-b5d5ef994436
ba14e470-f9c0-475f-a2ff-4f01ae7e502b,2025-08-05 17:30:03.957659+00,6eb4a7d4-df95-4e15-a220-8c8ac38545ac
ba308b99-a00f-4f48-8c9e-73feb90c5220,2025-07-13 16:25:11.907835+00,c8be5e35-418b-4afd-b583-f5a2e59ef69b
ba5439e8-950a-4c8c-a624-f2bb53ebdfc1,2025-07-30 11:19:20.435366+00,fc369258-14b3-49c0-9506-733a7bc16e23
ba599f87-6531-4288-b44f-fad4b1889f97,2025-08-01 04:13:10.648917+00,39af1087-a3ed-4d49-bf9f-033b5149b83c
ba692245-8aa9-40c4-9de1-6af748c82ee9,2025-08-01 12:50:27.929904+00,847d22a1-1a73-4021-900e-92dabe99432b
ba9e57c7-86ed-4288-97f4-01926e71088d,2025-05-19 05:10:04.693949+00,41dea018-f10f-412c-9d70-c4f7e8131ab8
bb35b5f4-b1f0-4bc8-8391-5f632a5cb3aa,2025-08-26 07:15:31.034169+00,5029fcf3-0e93-4387-bd27-5c1054a8ee64
bb382edf-4889-4a49-9425-d54b0295e0d2,2025-08-23 22:45:34.221884+00,729957fb-1ca2-45fa-a934-dcde146d7b5a
bb73e653-31e9-47ee-af12-561643bec08a,2025-08-08 07:21:41.411122+00,de24353a-4116-42ce-9ab6-17cf284a075c
bc8cba45-a37a-4f05-85d1-8d83373b85d5,2025-06-02 06:44:47.407202+00,d2e0628f-6779-44ff-81a3-ba367c277c7b
bcf4c997-9d51-44f4-bdff-1ba1541629ab,2025-07-10 06:35:34.46184+00,33b4074e-45d3-47d0-adaa-0f3010c5bb9a
bd0612f4-094e-47da-bd33-726a291899bb,2025-05-27 11:21:12.485772+00,51c36632-72da-45b5-8d81-071251854d50
bd0aa686-fccd-4945-a193-047ef3b59d10,2025-08-21 05:29:17.101002+00,c8718bee-c77f-46c8-99a0-2b05ef934dcf
bd0fe4e2-c6c8-4007-834c-e8eddf97f4c0,2025-08-14 16:15:29.149762+00,26fd3f71-80b0-4256-8cb8-ccdd84a18569
bd3aa42e-ac01-4432-81ed-59bd8c30c1f2,2025-05-27 10:11:07.518716+00,1420923d-3e27-4ffb-94eb-ba4aef3067e0
bd4fa615-cf00-41da-8c9e-543dd745e950,2025-08-14 10:13:30.892662+00,a14c4a9c-4e4b-4980-a163-68a56a0a410e
bdd41516-bbde-4521-b759-c307a3d957f3,2025-07-31 13:32:54.530531+00,c8718bee-c77f-46c8-99a0-2b05ef934dcf
be15becb-1990-41be-b80c-6b06ed5e006c,2025-07-28 16:11:30.709338+00,538af738-c9d7-4ebd-8ecd-b0f32e53a7ee
be24cea8-5a8b-4e83-9d6b-35a5bd934617,2025-07-14 18:02:09.198712+00,f001e25f-0f7f-4c98-8f33-7816e715a749
be5ee037-5ea4-4f2d-8db9-a55da8d6edcf,2025-07-21 06:59:12.662752+00,7ab05933-9292-49a5-a8e4-74ddbce75789
be958b76-8581-4c35-834c-278e6625544d,2025-08-18 11:00:04.987784+00,66a659e4-ee0a-4966-91cc-5a043a6580f3
bea7842b-a377-40c7-ad9a-4cc798613011,2025-05-29 10:10:35.868546+00,c8be5e35-418b-4afd-b583-f5a2e59ef69b
bee30da1-0b12-48a6-b785-4468d89356ab,2025-06-15 10:31:13.772074+00,db1c11aa-2ca6-4f93-a97b-369c29c40d27
bf3ee6bd-e98f-4b1a-bee0-f0b882c6951e,2025-08-04 04:58:17.83182+00,b641e08f-5ef7-41f7-811f-11b3b0eae85d
bf4efabe-4554-4ff9-b6fd-3b87e03a88d5,2025-08-05 11:09:37.088738+00,7ab05933-9292-49a5-a8e4-74ddbce75789
bfe1a1ac-e104-4ea6-8f72-5412ea37e1e0,2025-06-03 08:05:25.34038+00,30e5835a-a1a3-404f-8b00-4828691cd2b8
c027a9d9-d064-484b-88b5-64dbbcb60cb5,2025-06-11 19:14:27.058454+00,5ac75ad5-ecac-47f1-bf9b-52bd9f1f420c
c0fedcd2-2ffc-4385-b724-1e7292e25ae2,2025-07-18 22:37:16.011894+00,c8be5e35-418b-4afd-b583-f5a2e59ef69b
c12e29c7-7790-4f26-859e-775d4cd07fd3,2025-08-26 00:54:18.857669+00,66a659e4-ee0a-4966-91cc-5a043a6580f3
c1da413b-e393-4a9b-b592-83e0fc575a03,2025-07-02 02:13:18.362492+00,57946524-60c0-4854-9dfe-3f8087f61f1f
c1f1a786-62e1-463e-b662-15e8e06cb1e4,2025-08-14 06:24:54.940022+00,538af738-c9d7-4ebd-8ecd-b0f32e53a7ee
c223dfaf-bb4a-48d7-ad36-2e1aceb8409b,2025-05-25 15:19:06.796386+00,035e6805-c17b-418a-8f09-364c754ef763
c231c13c-076b-4a14-94ca-7e8a65105db1,2025-05-26 17:34:16.505737+00,f001e25f-0f7f-4c98-8f33-7816e715a749
c243e092-35a7-4669-ad59-65e034ea750c,2025-05-27 06:31:28.40879+00,950b4fe5-c307-4b3a-9bec-95059169c721
c259b828-d3c2-484e-bdd9-9e99de23678f,2025-05-27 07:37:27.902449+00,f02252f9-ca84-4d7b-9f38-af7a04b0a0b0
c26bf2d6-41c8-49e6-b87b-2ecf39d7c5fa,2025-06-10 14:31:33.833474+00,1420923d-3e27-4ffb-94eb-ba4aef3067e0
c279de65-dff4-496c-93e9-ee39067c84cd,2025-08-27 10:07:38.517151+00,30e5835a-a1a3-404f-8b00-4828691cd2b8
c2f8ae8d-7b3c-4b0c-9c6b-359bc4abf972,2025-05-18 20:58:11.184974+00,41dea018-f10f-412c-9d70-c4f7e8131ab8
c359d892-72ba-4e51-ada6-4fbb2de4b341,2025-07-18 18:34:41.975884+00,729957fb-1ca2-45fa-a934-dcde146d7b5a
c3729c6d-a080-4917-b4fc-4f24ab56dffd,2025-05-30 11:31:11.597686+00,137d7f93-688e-44b3-98c0-86ddd6c844ac
c378e12c-95f1-43d2-b752-a31a644dec29,2025-06-01 08:44:37.864685+00,825bcfb5-574c-4782-bfb1-8f0b7faeec25
c388fbd2-36da-4112-93cf-142433660f04,2025-07-01 11:15:47.411168+00,ec0378f9-ac71-4d1f-bed8-a858360277a0
c3a5d43e-57ea-4a78-a905-21eea579ce4c,2025-06-11 11:17:22.311923+00,1b11a8aa-9433-4bbd-9ffd-6eb741cb6a21
c41e57f2-5b34-42b0-b6aa-2a870e6abbe0,2025-07-30 02:25:23.088917+00,210b0eb1-b1cd-419d-ac51-8f5c45f6daf7
c41ea9e8-bb6c-4291-83bd-9ecb08c7feee,2025-08-18 14:09:41.701818+00,ac9b1d36-1825-46e0-9c94-6c1733a5559a
c44db4b5-a0c5-44b4-932c-055ed7692b49,2025-08-04 16:03:46.180392+00,83a6d6c1-0ed1-4332-8fbb-9dea9216bccd
c46f5409-88a1-47df-bdae-685072d0d4e5,2025-06-23 12:48:31.136434+00,210b0eb1-b1cd-419d-ac51-8f5c45f6daf7
c4808b28-72e2-4ebf-bd85-dab332643b29,2025-08-28 09:13:18.479398+00,8bf4add5-5172-462d-9246-db8413d4e43c
c48d243f-71f5-4445-a6f5-c1196f1e5c0a,2025-07-10 08:07:41.893914+00,39af1087-a3ed-4d49-bf9f-033b5149b83c
c4b68723-15d0-4a42-b40c-29a78f55a202,2025-08-04 10:36:10.177074+00,d47a83a9-1b04-456b-97dd-c383a41a902d
c4d2faa4-4d5a-4f8b-beb4-73f9388d17aa,2025-07-10 08:43:09.196656+00,9d0d5845-9e5c-4e63-834e-e71d44361ffe
c4ed02aa-fc86-4792-a192-d7b0ffef4a12,2025-07-10 07:16:04.518427+00,ed1e0ba4-e6b4-44ff-a9ef-4411f0dd83ac
c4fb2f68-7566-4deb-8563-efb5b15bda8f,2025-07-01 13:41:25.927804+00,f6e7916c-72fa-4ebc-8567-062a632a65ef
c522dfb6-5e34-430e-9f69-de7b5481a2bd,2025-07-01 18:41:08.98379+00,4c5a2e4c-a939-4986-bf89-834b0c2755d5
c53569bd-782c-48ad-bcd9-8114461d7440,2025-08-26 09:13:53.131329+00,f6e7916c-72fa-4ebc-8567-062a632a65ef
c5ee826f-50e6-4799-8d09-c18e52aec755,2025-07-20 21:22:02.578692+00,db1c11aa-2ca6-4f93-a97b-369c29c40d27
c5feda11-cedb-4a00-bfcf-60eb468596a9,2025-08-27 05:11:23.938963+00,fc369258-14b3-49c0-9506-733a7bc16e23
c639bf8b-bdd0-4637-9a58-06791332f223,2025-06-11 19:27:31.038639+00,ae51581b-553c-48d3-8233-25920e96f677
c6447be9-cb08-4060-92cc-927a0a35186a,2025-06-04 16:47:20.060276+00,847d22a1-1a73-4021-900e-92dabe99432b
c6f17701-9894-44a3-9cdf-9a027ee993da,2025-08-02 07:22:09.355349+00,57946524-60c0-4854-9dfe-3f8087f61f1f
c73d67c8-2fb9-4624-ab77-b7fb78369372,2025-06-04 14:48:00.009077+00,f80d1efa-2f07-4933-ae43-0288622718a9
c74a765d-2e7c-4863-93e2-a3b3fafce485,2025-06-06 05:48:58.1422+00,8656147c-c222-4568-bce0-3a1c5f9fd323
c7591d08-a5b8-4bc6-86f3-e9051794e48d,2025-07-25 16:22:50.705843+00,a121ccae-f4ba-4e40-b7e3-c42f52141d34
c78df0d3-a2f5-49aa-b842-d89f228428e6,2025-07-09 17:57:58.698414+00,f6e7916c-72fa-4ebc-8567-062a632a65ef
c80bf2d3-8d0e-4f52-9f42-5979e9b90ab8,2025-08-04 18:03:20.04274+00,71091acc-f3da-4843-bc4b-5f1d6ace9f15
c8133181-c037-47dd-89b6-ac457c573f7d,2025-06-06 05:09:46.940821+00,e7f79f18-c9df-4d69-bc2f-792b81e69563
c8188535-5a50-4387-9a24-6ca649d1d0b7,2025-06-10 16:58:51.577306+00,26fd3f71-80b0-4256-8cb8-ccdd84a18569
c81ac0b3-2350-4085-b01b-9cf26ab56893,2025-07-10 05:15:16.181245+00,137d7f93-688e-44b3-98c0-86ddd6c844ac
c81fae60-f840-4f3c-af8f-773797477f66,2025-06-08 02:36:45.104506+00,c8be5e35-418b-4afd-b583-f5a2e59ef69b
c87b5256-b2cb-42cd-951c-f79a2cbd9c2d,2025-08-08 19:10:03.670904+00,a15419b2-70af-4644-8dd8-08e144cfbe62
c87d63ca-932f-4437-8bf0-a2af688e9cb6,2025-05-29 21:33:03.446099+00,25260b55-8f5f-41d7-9cd8-3df5160621f4
c89a7c28-3360-45fe-98db-50751b05d710,2025-08-24 16:31:36.925248+00,e4de6140-36f4-4a11-8499-26421878afd2
c8a888a0-6259-4f9f-9ac0-2346bb93522b,2025-07-27 18:39:19.209331+00,098337d2-c7fc-441b-b953-76143f5885f0
c8b17b82-35ba-4bf3-89d7-723bbaacb92d,2025-06-24 04:28:57.007521+00,9d0d5845-9e5c-4e63-834e-e71d44361ffe
c8b95669-463c-4b2a-9f4b-65c18351d02b,2025-05-27 13:06:10.607666+00,39af1087-a3ed-4d49-bf9f-033b5149b83c
c8b96b2d-09ab-4be9-a593-d7dea6f48c82,2025-06-02 10:45:18.946508+00,e7f79f18-c9df-4d69-bc2f-792b81e69563
c9339270-7da6-460d-a32d-2bb7c386f9e5,2025-06-11 15:45:55.413413+00,71091acc-f3da-4843-bc4b-5f1d6ace9f15
c9596f73-bb2a-441d-8721-9e0048e3d437,2025-06-11 16:51:30.297997+00,1420923d-3e27-4ffb-94eb-ba4aef3067e0
c9d6d6ed-0265-41b8-8201-ce6444495c82,2025-06-05 14:28:27.372404+00,71091acc-f3da-4843-bc4b-5f1d6ace9f15
c9db4572-88e7-457c-93d2-128bd56894c7,2025-06-16 13:32:48.051157+00,db1c11aa-2ca6-4f93-a97b-369c29c40d27
ca342f0e-7264-47d7-8819-4cb22da2aed7,2025-08-24 08:10:57.711687+00,5029fcf3-0e93-4387-bd27-5c1054a8ee64
ca66a8f2-d2b4-47dc-b9a0-4fa35669e751,2025-06-18 07:27:16.536768+00,d2e0628f-6779-44ff-81a3-ba367c277c7b
ca958c97-493d-46ce-a573-67d54e25bbe5,2025-08-06 08:12:00.388253+00,89d3cb78-cdc5-4deb-9599-003a1fd21886
caa3490d-fffe-4c8e-a171-091600ec4cbd,2025-06-17 03:27:27.167773+00,09019473-818b-42e0-8583-76b0ac50436b
caf4f2da-eef2-423f-adaa-a9f09b003a91,2025-05-31 20:11:09.321849+00,00786864-3ae1-4de6-b04b-7e7235da3a03
cb04959f-1247-4816-921c-79af5792b77a,2025-05-29 12:51:54.54492+00,825bcfb5-574c-4782-bfb1-8f0b7faeec25
cb17ccc8-3554-4ed1-b556-6949cfa27f91,2025-08-12 21:55:46.015897+00,30e5835a-a1a3-404f-8b00-4828691cd2b8
cb89bddd-773a-42a0-a6e9-6ebf41b0b029,2025-07-29 05:41:12.008271+00,d47a83a9-1b04-456b-97dd-c383a41a902d
cbe64ed7-9298-4be2-aba9-06eab3bed45a,2025-06-13 13:56:33.765749+00,950b4fe5-c307-4b3a-9bec-95059169c721
cbf38e5a-e28b-401e-a2ec-0ed43920cb09,2025-06-10 12:08:43.374686+00,71091acc-f3da-4843-bc4b-5f1d6ace9f15
cbf5a1b4-2c3d-4681-bd6a-849b6633c64f,2025-06-21 12:14:01.131641+00,1420923d-3e27-4ffb-94eb-ba4aef3067e0
cc29e672-57f6-431d-881e-cc4cd31f38da,2025-07-21 20:07:19.703124+00,de24353a-4116-42ce-9ab6-17cf284a075c
cc2b7cdb-86e6-4bf0-851a-0663aa340111,2025-07-23 06:42:24.072192+00,de24353a-4116-42ce-9ab6-17cf284a075c
cc4bcedf-fa8d-4760-b9b9-df3f80b651ba,2025-08-15 20:54:20.006515+00,950b4fe5-c307-4b3a-9bec-95059169c721
cc56218d-ca17-4088-8c53-c743ceecbaed,2025-06-06 06:28:44.656855+00,b917ee43-265c-4cbd-b512-e551efc978a6
cc597e24-5fd6-41d5-acee-52f7c50dca5a,2025-08-06 08:24:01.37602+00,d47a83a9-1b04-456b-97dd-c383a41a902d
cc8d2570-1404-4fd0-921a-e46fae4eca62,2025-08-07 11:24:48.354631+00,d47a83a9-1b04-456b-97dd-c383a41a902d
ccc08aea-a3f5-4ce1-ae94-22c24157e58b,2025-05-29 08:43:23.350896+00,6b139d49-4da8-4ec8-8db8-b596965273b0
ccd6cc57-4b97-4b99-8266-39f6317a5d3a,2025-06-02 16:35:00.486735+00,f80d1efa-2f07-4933-ae43-0288622718a9
ccf5509d-a52d-4c39-b7a2-6551ea5044c9,2025-08-13 12:00:46.806283+00,c8be5e35-418b-4afd-b583-f5a2e59ef69b
cd1d6785-c7c6-4613-9e99-c31296fe2ed4,2025-08-17 21:40:25.666413+00,729957fb-1ca2-45fa-a934-dcde146d7b5a
cd5082ba-4640-4d7e-a163-6bf3209a7079,2025-06-25 08:04:20.606057+00,137d7f93-688e-44b3-98c0-86ddd6c844ac
cd6a1387-76e2-401f-9040-c6f8507fdabb,2025-07-18 15:14:46.390625+00,0376abac-d860-4654-8968-b17dc3bb590d
cd71ee94-9a2d-4c99-9565-6c555ae3bc2c,2025-07-11 08:19:12.293562+00,2a5d0240-3e7f-48cc-aed1-536ba4f9a524
ce15d850-75ba-4386-b5c2-310bcdbb5b9e,2025-08-22 10:01:15.283145+00,06cc54a8-bf04-4dd4-8481-cdfaac398a2e
ce25cf9e-ba5e-4384-b2a0-7a48058c7bb5,2025-07-18 21:12:43.068078+00,847d22a1-1a73-4021-900e-92dabe99432b
ce422a9a-4515-4375-9964-1bbce7a0bfe7,2025-06-15 06:33:39.237137+00,210b0eb1-b1cd-419d-ac51-8f5c45f6daf7
ce433fd3-321b-4599-8ba3-32d2e61a68e7,2025-07-29 16:08:04.258796+00,7c9ef69d-b302-4981-88be-e9a4ed393236
ce74c44b-d79b-40b1-899f-bc50729565db,2025-07-02 09:24:12.112748+00,d47a83a9-1b04-456b-97dd-c383a41a902d
ce84bf79-91ee-45af-936c-209859ee4d68,2025-05-28 11:17:05.394047+00,d2e0628f-6779-44ff-81a3-ba367c277c7b
cef722b1-6322-4124-9258-732371a311cf,2025-07-16 15:04:20.684239+00,c8be5e35-418b-4afd-b583-f5a2e59ef69b
cf31d5d7-7de1-4816-a389-c9c1b587bbf6,2025-07-30 08:02:37.561709+00,c8718bee-c77f-46c8-99a0-2b05ef934dcf
cf6baf9e-971d-4c20-8fee-663537b3c7fe,2025-08-05 19:03:56.421631+00,f001e25f-0f7f-4c98-8f33-7816e715a749
cf8890ba-be7a-4980-a759-c05f0ea49fd4,2025-08-28 01:27:59.061007+00,fc369258-14b3-49c0-9506-733a7bc16e23
cfd35392-a8bb-406d-9c87-8eee9672060d,2025-07-19 05:04:34.367726+00,fc369258-14b3-49c0-9506-733a7bc16e23
d03706c6-5fff-465d-b3ec-afe3f3e1c4f2,2025-08-29 05:08:27.133872+00,729957fb-1ca2-45fa-a934-dcde146d7b5a
d03a454e-367a-4547-846b-af462249fe36,2025-07-30 17:51:58.192862+00,da34e3f3-1668-4ee4-b898-b373eb0d27f9
d05bb4dd-c043-46f9-bece-ab098423bfe3,2025-06-12 00:49:38.127195+00,950b4fe5-c307-4b3a-9bec-95059169c721
d0ade1aa-f30d-40dd-b705-40daf830bda6,2025-07-13 00:32:07.61961+00,ed1e0ba4-e6b4-44ff-a9ef-4411f0dd83ac
d0ccd7ca-348f-4afe-99bf-d2e9233bb3ee,2025-08-02 22:01:39.488769+00,c8be5e35-418b-4afd-b583-f5a2e59ef69b
d0e65cf0-a1d0-4f3a-abfa-cf281c291a70,2025-06-25 09:28:55.215913+00,1b11a8aa-9433-4bbd-9ffd-6eb741cb6a21
d0fb3fa9-4130-4c87-90c6-ac3f3834724a,2025-08-20 18:26:58.613684+00,30e5835a-a1a3-404f-8b00-4828691cd2b8
d1413124-f463-4b97-8835-8149c6ddd0b0,2025-08-07 13:17:44.808199+00,7ab05933-9292-49a5-a8e4-74ddbce75789
d14b5fdc-7ad7-4cf9-be59-fb6869612502,2025-06-11 10:07:42.228008+00,f001e25f-0f7f-4c98-8f33-7816e715a749
d1dcc549-9e56-4cf5-9472-bbda9dbaf0f3,2025-06-14 15:39:18.01953+00,9d0d5845-9e5c-4e63-834e-e71d44361ffe
d1e4510e-8094-4b16-b45e-b4399cbf9d0d,2025-05-31 05:01:03.419441+00,9d0d5845-9e5c-4e63-834e-e71d44361ffe
d1e57e17-0242-4f6f-af29-e8002c2e378a,2025-08-17 18:15:50.010943+00,57946524-60c0-4854-9dfe-3f8087f61f1f
d1edc973-8c2e-45a2-b362-250c226d5bf7,2025-08-19 06:02:46.37045+00,ac9b1d36-1825-46e0-9c94-6c1733a5559a
d20e71fc-68ff-40dd-aa8c-99e646ebd077,2025-05-29 21:52:02.681984+00,00786864-3ae1-4de6-b04b-7e7235da3a03
d21c45c2-f195-4025-b206-93243ffe1df4,2025-06-09 14:59:28.260282+00,1420923d-3e27-4ffb-94eb-ba4aef3067e0
d2450b86-194a-4a21-9db2-be494839fdae,2025-05-26 13:55:26.824285+00,847d22a1-1a73-4021-900e-92dabe99432b
d260b023-5bf9-4d46-8ae0-1c86b087edd3,2025-08-06 18:13:29.810879+00,30e5835a-a1a3-404f-8b00-4828691cd2b8
d28c2575-8a5f-47f7-bc38-51ae014de9c3,2025-06-03 07:11:36.319475+00,b641e08f-5ef7-41f7-811f-11b3b0eae85d
d2ddaea1-085a-4ecf-af15-b01ebd05a7c0,2025-07-01 12:13:07.877291+00,d47a83a9-1b04-456b-97dd-c383a41a902d
d3233a17-fe6c-4577-b531-592d099f08e9,2025-06-14 10:00:17.300494+00,1420923d-3e27-4ffb-94eb-ba4aef3067e0
d332a994-6912-4f7d-9b33-c1629a422fc4,2025-06-01 14:02:21.697499+00,f001e25f-0f7f-4c98-8f33-7816e715a749
d3672178-b747-45f7-b68f-0b871d9e4b0d,2025-06-07 11:02:42.751384+00,87388c91-8a04-44ee-a930-5e389a3285a5
d39a24da-df36-4c74-a787-d9cc33c88959,2025-05-30 06:10:40.749522+00,6b139d49-4da8-4ec8-8db8-b596965273b0
d3b7249c-2146-4d11-b179-06da6af99185,2025-06-12 02:15:20.738478+00,1420923d-3e27-4ffb-94eb-ba4aef3067e0
d45385c9-c8ea-4a70-b106-334a9a24afc3,2025-06-07 08:24:52.176187+00,b641e08f-5ef7-41f7-811f-11b3b0eae85d
d47f83d8-e73b-477d-9367-3dd29ff7ed9a,2025-06-07 16:38:17.92936+00,f80d1efa-2f07-4933-ae43-0288622718a9
d49d6350-7ecd-4860-8fc6-aa084c08a482,2025-06-18 11:40:23.598922+00,40993c03-0338-42b4-a3c2-b13e20bd0022
d4b75971-9f27-44e9-b73b-8d273da638f2,2025-06-22 14:47:51.548559+00,f001e25f-0f7f-4c98-8f33-7816e715a749
d4b7c604-f25a-4b85-a719-0ff8c56fbf68,2025-07-12 12:07:34.868694+00,2a5d0240-3e7f-48cc-aed1-536ba4f9a524
d4bd2ea3-292b-4e77-8e13-d1aa4be6a496,2025-06-18 05:48:15.703131+00,b641e08f-5ef7-41f7-811f-11b3b0eae85d
d4bf59b4-a1ff-4ddc-a93e-d4d96d7dce62,2025-08-01 16:44:35.837044+00,729957fb-1ca2-45fa-a934-dcde146d7b5a
d4f22af4-ac12-4219-943c-42ea4aaadeae,2025-08-13 19:29:16.006171+00,6eb4a7d4-df95-4e15-a220-8c8ac38545ac
d54bbd57-8487-4d0f-9853-937ccefb7cac,2025-06-04 14:35:56.283307+00,6b139d49-4da8-4ec8-8db8-b596965273b0
d56bf358-efd3-45c8-bea6-9bfb301be4b1,2025-08-07 19:38:20.428687+00,f80d1efa-2f07-4933-ae43-0288622718a9
d5751180-e179-46cd-8882-351360a45ad7,2025-07-23 07:26:07.86123+00,098337d2-c7fc-441b-b953-76143f5885f0
d575b924-16e4-45d8-8849-55338d2c914a,2025-08-06 08:50:12.077167+00,729957fb-1ca2-45fa-a934-dcde146d7b5a
d59c871e-1030-497c-a152-01c25367d622,2025-06-21 14:42:28.291895+00,a14c4a9c-4e4b-4980-a163-68a56a0a410e
d5bddc03-f7d1-440b-a05f-c6c44cfb7516,2025-05-27 08:36:15.642155+00,25260b55-8f5f-41d7-9cd8-3df5160621f4
d5d8c9f5-db07-4f1a-a41a-80a0686306f9,2025-06-01 18:45:02.229674+00,538af738-c9d7-4ebd-8ecd-b0f32e53a7ee
d5faafea-1b14-4535-8414-e311e7aec9c7,2025-08-11 01:46:34.386739+00,729957fb-1ca2-45fa-a934-dcde146d7b5a
d60b69e6-78e5-4634-a1e6-e55008114372,2025-08-21 06:31:27.704017+00,de24353a-4116-42ce-9ab6-17cf284a075c
d63583a9-b305-42f6-9dae-14a89d5c50d6,2025-08-26 07:21:26.967369+00,589df19a-051c-4f26-a538-b212fa373953
d725ff6e-22a2-49e3-9aab-0aed8c0d0f9d,2025-08-26 12:24:59.343622+00,30e5835a-a1a3-404f-8b00-4828691cd2b8
d7a90dd0-b7c8-46d7-9d68-08d129847db6,2025-06-13 14:42:11.512724+00,b641e08f-5ef7-41f7-811f-11b3b0eae85d
d8198519-380e-4441-b4d2-34e8e36210c9,2025-08-30 15:27:19.755702+00,06cc54a8-bf04-4dd4-8481-cdfaac398a2e
d878a98a-e04e-4d3f-9aca-32eca7b66a2f,2025-08-19 15:19:12.484438+00,30e5835a-a1a3-404f-8b00-4828691cd2b8
d8a10dc5-b2f5-4b2b-943a-a64554baf87e,2025-05-22 15:35:47.428398+00,de24353a-4116-42ce-9ab6-17cf284a075c
d8fc3fd6-c82e-4909-aa6b-b235ba2eb083,2025-05-24 10:53:54.482249+00,950b4fe5-c307-4b3a-9bec-95059169c721
d903f0a3-e611-439f-b324-dbb8cd62d5c2,2025-07-02 20:34:25.137783+00,847d22a1-1a73-4021-900e-92dabe99432b
d960ff84-bb00-4652-bda0-8daea3372ec4,2025-05-25 19:26:46.688075+00,137d7f93-688e-44b3-98c0-86ddd6c844ac
d9d370d9-5d31-4482-b713-71a078b865ff,2025-07-04 20:22:35.436372+00,c8be5e35-418b-4afd-b583-f5a2e59ef69b
da21c841-05ac-4f78-8271-670c1e2a5e25,2025-08-03 08:56:34.105922+00,71091acc-f3da-4843-bc4b-5f1d6ace9f15
da546026-5f13-4726-95e6-f2e597eb591a,2025-08-11 12:19:28.4858+00,6eb4a7d4-df95-4e15-a220-8c8ac38545ac
daf8d91b-6bbc-48f7-b2bc-b38513557593,2025-07-17 18:33:55.306165+00,7ab05933-9292-49a5-a8e4-74ddbce75789
db25f406-0e4e-4fbf-8c0b-cd59ed4a4112,2025-07-28 16:56:58.713149+00,57946524-60c0-4854-9dfe-3f8087f61f1f
db4d53dc-0965-4774-82f8-9b49218a8398,2025-05-21 11:25:59.214724+00,847d22a1-1a73-4021-900e-92dabe99432b
db71b919-bea7-459f-876d-01d7e694900e,2025-06-25 16:36:11.921833+00,035e6805-c17b-418a-8f09-364c754ef763
dc2e47ff-8cdf-4e6c-a287-2162ce608101,2025-08-01 00:35:35.583005+00,ac9b1d36-1825-46e0-9c94-6c1733a5559a
dc4154fe-5874-4d6b-8724-455be7ae1327,2025-08-05 11:13:44.851811+00,facd3f57-5262-4169-9046-8a1157cf4c0a
dc54647c-4241-40b5-80fc-241aebbf1684,2025-06-27 12:26:00.293626+00,2a5d0240-3e7f-48cc-aed1-536ba4f9a524
dcb9f10e-4df0-40d8-829a-87c299b91d97,2025-07-07 11:24:51.978175+00,098337d2-c7fc-441b-b953-76143f5885f0
dcd7676c-4654-4a49-8be3-d7df081ff035,2025-08-19 06:18:37.536066+00,26fd3f71-80b0-4256-8cb8-ccdd84a18569
dd3cfb57-ad8f-4636-820e-7cf71dd37f41,2025-08-20 09:57:27.569928+00,729957fb-1ca2-45fa-a934-dcde146d7b5a
dd4c30a5-05d2-49fe-bb7c-a3abc243da68,2025-06-12 11:05:33.231526+00,d2e0628f-6779-44ff-81a3-ba367c277c7b
dda36deb-9bf8-4048-81cb-1717d47ef8e7,2025-05-24 05:52:15.216799+00,ed1e0ba4-e6b4-44ff-a9ef-4411f0dd83ac
ddd00eaf-5646-42e3-bfa2-1d6786fcb9f8,2025-06-05 09:29:31.434754+00,6b139d49-4da8-4ec8-8db8-b596965273b0
ddd2c1a6-94d3-46c0-a762-7a51ed4f6626,2025-07-01 19:55:57.574762+00,6b139d49-4da8-4ec8-8db8-b596965273b0
ddd336c4-ddbe-406a-b548-9fe9216124d5,2025-07-24 08:32:54.189066+00,098337d2-c7fc-441b-b953-76143f5885f0
ddfe122e-018a-479a-957a-ed39696cc036,2025-06-02 13:33:02.653936+00,a121ccae-f4ba-4e40-b7e3-c42f52141d34
de18c661-bf90-4418-9fde-cd675f8956ce,2025-08-07 12:54:51.019813+00,a14c4a9c-4e4b-4980-a163-68a56a0a410e
de38b58e-843d-437f-8e7c-bfbfa90f4932,2025-08-09 19:50:10.459391+00,6eb4a7d4-df95-4e15-a220-8c8ac38545ac
de8afa47-569b-42be-8fea-fe29ee73597f,2025-07-27 19:55:56.975787+00,729957fb-1ca2-45fa-a934-dcde146d7b5a
dec1cf91-603b-4608-a16e-e69d0c0ef978,2025-06-06 14:16:54.258367+00,f80d1efa-2f07-4933-ae43-0288622718a9
ded8ffbd-ad0f-4160-acbe-6e2d1ec39067,2025-07-07 22:40:21.429056+00,c8be5e35-418b-4afd-b583-f5a2e59ef69b
deeb2fd2-36fb-4579-8e35-03ab70364b99,2025-08-17 19:23:08.97728+00,ac9b1d36-1825-46e0-9c94-6c1733a5559a
defc2d18-8f14-4b49-aad9-19e965c69562,2025-05-24 12:18:32.361543+00,811c763a-689c-4f13-8547-56eaf937670f
df03e558-2bf7-4a21-bdde-eb895d42fbba,2025-06-16 15:53:10.963507+00,1b11a8aa-9433-4bbd-9ffd-6eb741cb6a21
df14d2fa-3ee1-44e7-ae54-fd0ac3fe496f,2025-07-30 16:05:17.433497+00,847d22a1-1a73-4021-900e-92dabe99432b
df1b4e9e-5039-4432-b611-905c6fc3db4e,2025-06-01 12:57:49.590777+00,6b139d49-4da8-4ec8-8db8-b596965273b0
df35e030-c49b-4372-8168-d50a5a1a430b,2025-05-28 21:31:02.006414+00,c8be5e35-418b-4afd-b583-f5a2e59ef69b
dfdcea32-9c14-4a58-a627-e39e5382b3c3,2025-06-11 12:10:56.761402+00,137d7f93-688e-44b3-98c0-86ddd6c844ac
dfe17b27-eddd-4281-868c-b3aedf1408a1,2025-08-13 17:11:22.591635+00,d47a83a9-1b04-456b-97dd-c383a41a902d
e04c628d-7606-4d62-a099-cba30c5af76f,2025-06-19 17:04:04.45357+00,a15419b2-70af-4644-8dd8-08e144cfbe62
e093d595-8d74-4601-9359-0dbe9c9c2645,2025-06-25 14:11:24.943353+00,33b4074e-45d3-47d0-adaa-0f3010c5bb9a
e09ecdea-dcce-41fe-ab92-948784b640f0,2025-06-17 16:12:13.190084+00,a121ccae-f4ba-4e40-b7e3-c42f52141d34
e0a46b68-8293-4311-926f-c7f50ca3a890,2025-06-01 17:18:49.697278+00,de24353a-4116-42ce-9ab6-17cf284a075c
e0a985c7-a84f-4abc-9514-fe7817a102da,2025-06-08 17:23:27.963809+00,6b139d49-4da8-4ec8-8db8-b596965273b0
e0e6986e-1f62-4c7d-af32-f8eeb84bda8c,2025-08-02 05:27:52.627874+00,210b0eb1-b1cd-419d-ac51-8f5c45f6daf7
e1040cd9-8459-4e6a-9659-ea476646690a,2025-08-14 05:22:44.061185+00,fc369258-14b3-49c0-9506-733a7bc16e23
e10f5a73-bb82-4712-a120-6387497127a3,2025-07-27 14:55:39.000858+00,de24353a-4116-42ce-9ab6-17cf284a075c
e14e8498-c610-44c9-87c5-2112c3950e2c,2025-05-24 21:46:19.011506+00,04a233ea-c613-442b-b078-d2c8979cecfc
e16a588c-4a8e-4475-85d3-51b45c1f7923,2025-07-25 07:22:01.802426+00,ac9b1d36-1825-46e0-9c94-6c1733a5559a
e1a2015f-578d-44a2-abd3-75d42c114901,2025-08-07 16:17:31.035986+00,af36623a-9a15-4cf3-ae95-25a0587c0de6
e1e5bf5c-ec09-4788-bd2c-066ad76f39a8,2025-06-06 10:54:19.859116+00,09019473-818b-42e0-8583-76b0ac50436b
e2a8397c-20b5-40ea-b525-f846f394dba8,2025-07-25 06:58:22.497325+00,39af1087-a3ed-4d49-bf9f-033b5149b83c
e2bc1618-6067-4a93-a5e7-2a0a18955251,2025-07-08 16:51:15.49918+00,89d3cb78-cdc5-4deb-9599-003a1fd21886
e2d91a33-c50d-4cdb-95b1-0850545c5ed3,2025-06-16 13:27:51.832427+00,b917ee43-265c-4cbd-b512-e551efc978a6
e2e9bcc1-6630-4037-bb72-a01a6fcf5c64,2025-07-04 07:20:24.182224+00,71091acc-f3da-4843-bc4b-5f1d6ace9f15
e34310e1-8732-4380-92fe-7c69ebda424c,2025-06-06 11:51:08.500566+00,41dea018-f10f-412c-9d70-c4f7e8131ab8
e3486fc5-089e-4231-b516-c5d75b6b1fad,2025-06-25 18:20:20.330341+00,9878cd0c-5411-443d-abc6-77ed1281799a
e34d6368-cd4f-46b4-9706-f202aea1daaf,2025-08-27 07:39:07.805701+00,e4de6140-36f4-4a11-8499-26421878afd2
e34f195e-172f-4fe3-8597-26e86f9ff11d,2025-06-02 11:51:16.909334+00,825bcfb5-574c-4782-bfb1-8f0b7faeec25
e380db67-2882-4e81-a928-94bc632896c3,2025-08-11 08:12:27.688626+00,de24353a-4116-42ce-9ab6-17cf284a075c
e3a3074d-e305-44bf-98e8-6f7bf69dba54,2025-08-07 13:14:06.209256+00,db1c11aa-2ca6-4f93-a97b-369c29c40d27
e3b0ee7b-51f3-4030-936f-d54f3cd6c9cc,2025-08-04 21:34:58.19299+00,fc369258-14b3-49c0-9506-733a7bc16e23
e3c8e389-b026-4557-863a-85ee38948b69,2025-07-29 07:24:24.498724+00,ac9b1d36-1825-46e0-9c94-6c1733a5559a
e3cf3e16-5e4e-468d-8229-0cd09225ec28,2025-06-27 07:46:07.493784+00,1b11a8aa-9433-4bbd-9ffd-6eb741cb6a21
e3f25ae2-845c-45bb-b404-6dcdbb9bf684,2025-06-29 17:52:15.39031+00,210b0eb1-b1cd-419d-ac51-8f5c45f6daf7
e4022445-c7c3-4ad1-ad4a-ad9001c31266,2025-07-08 10:40:14.796302+00,66a659e4-ee0a-4966-91cc-5a043a6580f3
e4041869-c081-4711-aeab-1c431939a8be,2025-08-16 13:29:01.921591+00,847d22a1-1a73-4021-900e-92dabe99432b
e40546f0-d6c9-4f77-9ced-7a8ad5692d37,2025-07-09 19:02:18.271572+00,c8be5e35-418b-4afd-b583-f5a2e59ef69b
e433c2f1-81b4-4896-b518-b47708bf143c,2025-07-03 00:27:01.631835+00,b641e08f-5ef7-41f7-811f-11b3b0eae85d
e465ed07-1dc3-460e-b2bd-d28002dba81b,2025-07-15 10:47:35.650897+00,b641e08f-5ef7-41f7-811f-11b3b0eae85d
e477be96-c5c3-4126-8fa5-16fd419cbfa2,2025-06-23 16:15:26.98537+00,d2e0628f-6779-44ff-81a3-ba367c277c7b
e49c3fb4-c20d-4c32-aecb-55c3111d7059,2025-07-28 17:41:14.673964+00,ac9b1d36-1825-46e0-9c94-6c1733a5559a
e4f6aeb5-5062-405e-a153-39cb891618dd,2025-08-24 00:00:36.599873+00,9d0d5845-9e5c-4e63-834e-e71d44361ffe
e5335502-cf7b-4920-bc0a-90ddd0039fbe,2025-07-06 17:27:48.218675+00,fc369258-14b3-49c0-9506-733a7bc16e23
e53c4726-57fc-4f70-b154-c8a0b9f0674d,2025-08-03 00:57:04.209025+00,db1c11aa-2ca6-4f93-a97b-369c29c40d27
e5552f07-9ecf-4e4a-bb59-a4865a64588b,2025-08-22 09:19:50.851485+00,e4de6140-36f4-4a11-8499-26421878afd2
e5722972-6180-48e9-afe0-eadd644db2ee,2025-06-20 20:02:29.323058+00,87388c91-8a04-44ee-a930-5e389a3285a5
e59d6eed-bd02-4f55-8689-468c5a74d8d0,2025-07-14 10:11:59.974497+00,71091acc-f3da-4843-bc4b-5f1d6ace9f15
e5c6abaa-4cb1-47ed-ad46-475dc36f5d9c,2025-06-13 06:44:42.601143+00,71091acc-f3da-4843-bc4b-5f1d6ace9f15
e5da6ca2-edd8-4995-8fe5-43b8751d4fab,2025-05-27 13:10:56.435185+00,de24353a-4116-42ce-9ab6-17cf284a075c
e60ad496-5658-4d41-a6ad-5b3032cb0eca,2025-06-09 11:20:13.233316+00,25260b55-8f5f-41d7-9cd8-3df5160621f4
e6cf5e2e-82de-4b12-9cf2-7d3f85af471a,2025-07-16 20:08:12.137798+00,9d0d5845-9e5c-4e63-834e-e71d44361ffe
e6f2a36f-208e-46a0-893c-3ba8408f0171,2025-06-05 03:53:41.772882+00,137d7f93-688e-44b3-98c0-86ddd6c844ac
e70f957f-2100-4323-bbd8-b25a088e583e,2025-07-08 15:14:24.804923+00,d47a83a9-1b04-456b-97dd-c383a41a902d
e77bb221-4f5f-44ef-8371-06a285e69a5e,2025-06-16 11:11:49.775978+00,098337d2-c7fc-441b-b953-76143f5885f0
e796980f-540c-4e93-b0be-8b367c1ec2c0,2025-06-18 07:28:22.760896+00,41dea018-f10f-412c-9d70-c4f7e8131ab8
e797b10c-b0d9-41c6-8f74-086c13b82e30,2025-07-23 05:32:19.178061+00,ac9b1d36-1825-46e0-9c94-6c1733a5559a
e828416b-f0d0-40bb-9f04-c51faaa359ad,2025-07-20 12:59:08.402189+00,7615eba0-4874-4cdf-ad0f-f42683eeee4c
e8513f9a-50c5-41e3-ac79-a0cfedbb7a98,2025-08-07 07:28:02.904701+00,57946524-60c0-4854-9dfe-3f8087f61f1f
e8bf4263-0060-4b46-8ce5-db09b03ea2d8,2025-06-07 08:38:52.709394+00,098337d2-c7fc-441b-b953-76143f5885f0
e8f32438-365b-4190-b06d-a8a6445aef4e,2025-08-20 07:38:32.277732+00,d2e0628f-6779-44ff-81a3-ba367c277c7b
e8f7d98d-cd48-4a6e-be9c-bc79526c30f7,2025-08-03 08:54:34.399991+00,fc369258-14b3-49c0-9506-733a7bc16e23
e91cf12f-7ee5-4a5c-9d8a-1344d4677d1d,2025-08-27 13:36:10.596112+00,c8be5e35-418b-4afd-b583-f5a2e59ef69b
e9243c48-f2db-4106-b407-efbbb5dcdb2b,2025-08-06 17:31:37.373167+00,ec0378f9-ac71-4d1f-bed8-a858360277a0
e972fab7-3030-4c9e-b250-e531ec875f86,2025-07-11 00:09:25.239133+00,098337d2-c7fc-441b-b953-76143f5885f0
e98a201b-c423-421d-8ca9-abedf96d570e,2025-08-20 06:14:00.649479+00,71091acc-f3da-4843-bc4b-5f1d6ace9f15
e9c553cd-e00d-4421-9975-55f1fe08e6e1,2025-08-19 19:41:51.865118+00,ae51581b-553c-48d3-8233-25920e96f677
e9cc475a-d0cb-46cb-aceb-7d4064810200,2025-08-13 11:16:30.27535+00,f80d1efa-2f07-4933-ae43-0288622718a9
e9ccbcf4-7f35-4384-a332-8ba35dbca0dc,2025-08-16 22:09:28.89494+00,fc369258-14b3-49c0-9506-733a7bc16e23
e9f3e7ae-d7c6-40c2-a229-5492cd1df677,2025-08-07 13:04:50.128698+00,71091acc-f3da-4843-bc4b-5f1d6ace9f15
ea0cb56c-6828-41be-b611-b7fa27ab8558,2025-08-07 10:34:44.084071+00,729957fb-1ca2-45fa-a934-dcde146d7b5a
ea1dd6fd-7e9b-4d80-936e-b2e87e5167a4,2025-06-02 14:30:58.226583+00,2a5d0240-3e7f-48cc-aed1-536ba4f9a524
ea433e75-ccab-4b7e-8544-3324221b29d1,2025-08-10 19:38:19.122555+00,098337d2-c7fc-441b-b953-76143f5885f0
ea79d55d-e7ed-45e8-a8d1-0a2eb3bad448,2025-05-26 10:21:49.611629+00,5ac75ad5-ecac-47f1-bf9b-52bd9f1f420c
eabfd435-5453-4f75-9c28-1c6ec2d0b312,2025-07-30 04:02:12.78944+00,8c89ad17-9270-4aa7-b56c-45d93c0a8245
eadfa714-9f88-4723-beba-28d878be3cbf,2025-05-27 08:51:55.021164+00,04a233ea-c613-442b-b078-d2c8979cecfc
eb631b13-c9f3-42e7-81f4-424b6ddd8570,2025-07-07 00:49:10.841155+00,f5fb04ab-2653-4c77-9b57-b5d5ef994436
eb65845f-7435-43a0-9fd0-0426763b1cfd,2025-07-22 09:41:30.834929+00,de24353a-4116-42ce-9ab6-17cf284a075c
ebbcd542-8a66-43be-8082-77a09a198158,2025-08-02 09:46:19.565452+00,098337d2-c7fc-441b-b953-76143f5885f0
ebdc83d9-fd65-4370-a6a2-5603fd89654d,2025-06-25 23:00:29.516268+00,b641e08f-5ef7-41f7-811f-11b3b0eae85d
ec5b5a84-78cd-4820-bfdc-8dc3cddc91fa,2025-08-12 06:55:06.234069+00,ae51581b-553c-48d3-8233-25920e96f677
ecc41b07-4fbe-46a6-8ff3-dcf92b3c1d64,2025-08-09 10:18:22.777197+00,f8eeda44-ffd2-46b7-aa06-4eb17f6b4fff
ecf1d0c7-d4ca-477d-a147-b3e8a84cd628,2025-06-18 07:37:11.45045+00,98ff495e-d0c9-4ed0-961c-d70e5c060bf7
ed3c6c48-7967-4dd9-9bd0-e8638575e03a,2025-05-27 09:13:46.759168+00,87388c91-8a04-44ee-a930-5e389a3285a5
ed48d814-328c-48f2-b42f-829a2157d1ca,2025-06-18 07:14:38.533935+00,210b0eb1-b1cd-419d-ac51-8f5c45f6daf7
ed510b7f-e869-4d1b-8cfa-61f4650bb807,2025-07-28 20:51:01.100313+00,c8be5e35-418b-4afd-b583-f5a2e59ef69b
ed69ef97-af4e-444b-aa9e-e8f4e9322102,2025-07-24 18:34:51.349098+00,fc369258-14b3-49c0-9506-733a7bc16e23
ed6ed5da-7c75-4e8f-8718-c21ff26acd12,2025-05-27 07:43:43.519718+00,41dea018-f10f-412c-9d70-c4f7e8131ab8
edd3bc61-1ddb-432c-8cc4-f7b4976167a8,2025-06-11 16:59:39.113142+00,c8be5e35-418b-4afd-b583-f5a2e59ef69b
ef4b1e19-0cf9-40ef-85e5-9742d7e95a19,2025-08-18 12:59:57.517643+00,729957fb-1ca2-45fa-a934-dcde146d7b5a
ef70d36c-a08e-4a8a-9866-874566360211,2025-08-05 05:27:20.384585+00,66a659e4-ee0a-4966-91cc-5a043a6580f3
efb3a04e-4b05-4ec1-8fa1-86e99d5d9354,2025-08-14 08:49:09.554613+00,de24353a-4116-42ce-9ab6-17cf284a075c
eff05c3b-9509-4144-817c-55f96e124230,2025-06-06 11:08:15.112651+00,04a233ea-c613-442b-b078-d2c8979cecfc
eff0dc1e-d23e-4d7f-89e0-151acc227e36,2025-08-13 06:52:45.567404+00,71091acc-f3da-4843-bc4b-5f1d6ace9f15
f00f9ebd-4603-4edd-8e0e-efe673f1c20a,2025-08-01 15:45:29.798401+00,f80d1efa-2f07-4933-ae43-0288622718a9
f0668a75-1da3-4368-a133-6e8541a67edc,2025-08-01 13:07:23.1014+00,d47a83a9-1b04-456b-97dd-c383a41a902d
f132a214-fbcc-4685-8c6a-7da28d1c2619,2025-05-27 12:08:09.857576+00,825bcfb5-574c-4782-bfb1-8f0b7faeec25
f1bdc7ff-fe58-48d4-97ac-8933d4c54e6e,2025-07-02 08:49:43.167372+00,5ac75ad5-ecac-47f1-bf9b-52bd9f1f420c
f1c6c5ef-c699-4df4-9893-97230ed25918,2025-05-25 12:12:43.361031+00,de24353a-4116-42ce-9ab6-17cf284a075c
f1ff0e5a-20e6-4c24-94e1-749b16e2535a,2025-08-29 00:02:03.424059+00,06cc54a8-bf04-4dd4-8481-cdfaac398a2e
f2368fdc-80d2-4471-a4bf-f2b23f296434,2025-06-18 07:59:45.245575+00,51c36632-72da-45b5-8d81-071251854d50
f25f2957-1c19-43f9-8c77-d5dd56ec980c,2025-08-10 09:11:53.154601+00,d2e0628f-6779-44ff-81a3-ba367c277c7b
f28717d6-bf22-4995-a3d9-1facd2faeac8,2025-07-08 15:43:20.45017+00,c8be5e35-418b-4afd-b583-f5a2e59ef69b
f2c6d7e3-47dc-4c26-94a6-12da32979e18,2025-08-28 19:37:10.980727+00,89d3cb78-cdc5-4deb-9599-003a1fd21886
f2e5bb83-5e87-488f-af1c-0515daa7df1a,2025-06-01 07:47:18.806246+00,d2e0628f-6779-44ff-81a3-ba367c277c7b
f30f176c-051b-4f4e-baa9-516074c7e72c,2025-05-26 10:26:42.195014+00,a121ccae-f4ba-4e40-b7e3-c42f52141d34
f316f4b0-8fa3-478f-8cc3-c06f2aa88a8e,2025-05-26 09:21:36.135558+00,f02252f9-ca84-4d7b-9f38-af7a04b0a0b0
f3204e38-a607-4208-9c22-a1ad9a488788,2025-07-28 07:57:29.901926+00,098337d2-c7fc-441b-b953-76143f5885f0
f3345d5a-9a8a-4037-bc6e-144d7f0380ef,2025-08-02 22:26:07.50609+00,6b139d49-4da8-4ec8-8db8-b596965273b0
f338719a-9d02-4b02-b954-4bdb74fba3ff,2025-07-30 17:49:26.414565+00,f80d1efa-2f07-4933-ae43-0288622718a9
f3540c3e-5026-41b4-ac24-6aea7c1504ee,2025-07-08 20:27:34.408222+00,40993c03-0338-42b4-a3c2-b13e20bd0022
f39b268d-93e0-4850-a8f8-be0b38acca1a,2025-08-19 08:04:25.098841+00,89d3cb78-cdc5-4deb-9599-003a1fd21886
f3bd393a-e533-4f3f-b405-dc82bee7a414,2025-08-10 11:44:49.400682+00,847d22a1-1a73-4021-900e-92dabe99432b
f3fc0b93-e413-4d26-b605-53f542c389d3,2025-08-23 14:01:56.424053+00,fc369258-14b3-49c0-9506-733a7bc16e23
f40484ca-63ab-49bd-a097-38d4b2338410,2025-07-10 05:02:37.802092+00,70f8119a-6651-48ee-aafe-64d9b0053c58
f411776c-81b7-4644-97ee-ae0ac379f248,2025-07-19 08:59:36.035645+00,04a233ea-c613-442b-b078-d2c8979cecfc
f4249052-6c4c-4ca9-9346-c3988b040de4,2025-08-28 07:50:09.445409+00,f6e7916c-72fa-4ebc-8567-062a632a65ef
f4a29d9d-caee-442e-8f42-3f28cbac96b6,2025-08-03 12:12:00.485084+00,de24353a-4116-42ce-9ab6-17cf284a075c
f4b25176-0a4c-4d2c-9df8-129c90355b0d,2025-06-27 12:10:13.172425+00,d2e0628f-6779-44ff-81a3-ba367c277c7b
f4bfb097-0552-4c94-a96d-a0168fd29486,2025-06-24 07:55:13.199865+00,6b139d49-4da8-4ec8-8db8-b596965273b0
f4e5bfcc-4a38-457b-a29d-226c5e72d896,2025-06-02 11:14:06.729025+00,8656147c-c222-4568-bce0-3a1c5f9fd323
f539e9f6-7d98-4f1b-99aa-65a4d0e0b2aa,2025-07-08 14:46:36.533782+00,7c9ef69d-b302-4981-88be-e9a4ed393236
f54a9431-b061-4744-804d-04bf878cad6c,2025-07-28 08:23:13.215834+00,7ab05933-9292-49a5-a8e4-74ddbce75789
f55c2868-ff18-4734-ad28-34a1bdc38f96,2025-05-31 13:04:48.325396+00,a15419b2-70af-4644-8dd8-08e144cfbe62
f58248b4-c274-4b3e-b72d-185f83c47eda,2025-05-24 16:40:18.636541+00,9d0d5845-9e5c-4e63-834e-e71d44361ffe
f5bcd125-c52e-4610-8502-2c373e2f6ae2,2025-08-03 17:44:36.984027+00,33b4074e-45d3-47d0-adaa-0f3010c5bb9a
f60af7b4-b9c9-416f-ad36-354080f1cb83,2025-07-19 11:02:55.464322+00,6b139d49-4da8-4ec8-8db8-b596965273b0
f61a7653-21f4-4850-b2a0-39c7bca7af61,2025-05-29 07:00:18.05804+00,f02252f9-ca84-4d7b-9f38-af7a04b0a0b0
f6294b88-4953-4e05-9174-7383cf2ccea2,2025-06-08 21:28:01.59807+00,1b11a8aa-9433-4bbd-9ffd-6eb741cb6a21
f66fa9be-7d57-43c6-b55c-046e0846e12e,2025-06-18 07:47:32.844376+00,6eb4a7d4-df95-4e15-a220-8c8ac38545ac
f681f2ac-c08a-4df4-b9b4-90693723e917,2025-08-22 10:32:44.774077+00,fc369258-14b3-49c0-9506-733a7bc16e23
f696064c-e3bd-4dbe-b4ae-1a79dbff838f,2025-07-11 10:38:33.162045+00,71091acc-f3da-4843-bc4b-5f1d6ace9f15
f703b1cb-72c7-4e5e-b369-7055eeb392ad,2025-08-16 06:36:46.232068+00,729957fb-1ca2-45fa-a934-dcde146d7b5a
f7086f15-1d05-430a-967b-6a5b9a1d4dfc,2025-06-28 07:39:26.471372+00,2a5d0240-3e7f-48cc-aed1-536ba4f9a524
f7588afe-005d-4bfc-a803-4df92d50cca8,2025-08-05 05:41:59.619207+00,4b2a1a98-e437-4693-a759-ed1152327912
f7865d77-e7f0-4678-99fd-0c13ee12421b,2025-08-07 13:25:36.766869+00,b641e08f-5ef7-41f7-811f-11b3b0eae85d
f7fb56b7-d870-4970-bdf7-466dac4c98e1,2025-05-27 09:32:33.382944+00,6b139d49-4da8-4ec8-8db8-b596965273b0
f8000272-0e05-4a99-bc30-a621e6008b0a,2025-06-25 04:42:39.850856+00,de24353a-4116-42ce-9ab6-17cf284a075c
f8207e25-1b4f-4954-8ac9-a11d0555ae80,2025-06-11 11:37:49.107599+00,ed1e0ba4-e6b4-44ff-a9ef-4411f0dd83ac
f87e7d58-9e6a-4378-ba4a-f4d910ff533c,2025-08-01 23:28:33.82489+00,c8be5e35-418b-4afd-b583-f5a2e59ef69b
f9043702-68c3-45c4-975c-d8de34aa6996,2025-06-03 11:36:01.188955+00,51c36632-72da-45b5-8d81-071251854d50
f90e8ed8-a9dd-4299-b045-133d35cc6a3d,2025-07-26 01:41:19.547903+00,26fd3f71-80b0-4256-8cb8-ccdd84a18569
f9276f45-13e4-4ea9-ac3e-c3012f548ade,2025-07-13 19:03:47.642517+00,de24353a-4116-42ce-9ab6-17cf284a075c
f92dd360-7b00-47f9-9edd-f57f3be0ea5f,2025-07-25 13:51:42.45592+00,de24353a-4116-42ce-9ab6-17cf284a075c
f99dac76-3891-4510-a9f9-8676f54c82df,2025-05-26 08:45:23.180361+00,1420923d-3e27-4ffb-94eb-ba4aef3067e0
fa1978f9-bb4d-4214-a496-09c1db60f9cf,2025-07-22 11:11:51.461548+00,30e5835a-a1a3-404f-8b00-4828691cd2b8
fa9808b6-422b-4599-87fd-b173542efb41,2025-06-06 12:03:48.91814+00,1b11a8aa-9433-4bbd-9ffd-6eb741cb6a21
fb06c97b-4e17-4dab-8fca-2d35be577895,2025-08-11 07:48:41.498091+00,25260b55-8f5f-41d7-9cd8-3df5160621f4
fb4aaa42-8ca1-4392-ab35-d2485a514de3,2025-08-25 20:20:31.832106+00,71091acc-f3da-4843-bc4b-5f1d6ace9f15
fbc0c6b9-a4f5-45ae-b5b2-b955bbce9a08,2025-08-20 20:13:47.803604+00,a15419b2-70af-4644-8dd8-08e144cfbe62
fc7a6fa0-5cc6-4461-8708-4465b0b1bc18,2025-08-23 04:15:33.072211+00,9d0d5845-9e5c-4e63-834e-e71d44361ffe
fc9ddbee-bd36-4b0a-8487-f6cfa21aa069,2025-08-07 12:57:33.654342+00,89d3cb78-cdc5-4deb-9599-003a1fd21886
fca28d5d-1487-4ff2-b2f5-3f301160dc00,2025-06-21 10:28:33.348913+00,09019473-818b-42e0-8583-76b0ac50436b
fd0a9615-f20b-4288-bc2f-8458bbab7524,2025-08-30 08:47:20.085828+00,847d22a1-1a73-4021-900e-92dabe99432b
fd45200b-f86e-4be5-905c-018ca17f5f37,2025-07-31 00:12:44.959849+00,83a6d6c1-0ed1-4332-8fbb-9dea9216bccd
fd679de2-47c3-4d71-a91a-877285a10914,2025-07-05 09:50:05.392636+00,25260b55-8f5f-41d7-9cd8-3df5160621f4
fd8b107b-177f-4ae8-933e-cc2726b79c35,2025-08-19 05:33:53.51244+00,83a6d6c1-0ed1-4332-8fbb-9dea9216bccd
fd8ea87c-ab4f-469d-ba66-3986f4f76b70,2025-07-30 07:21:29.562351+00,2a5d0240-3e7f-48cc-aed1-536ba4f9a524
fd9c5a34-89b4-4ae4-aa0f-c70e2f93a11d,2025-08-07 13:10:07.727006+00,b917ee43-265c-4cbd-b512-e551efc978a6
fdb2381a-30fd-43e0-9b53-ba8d24c79b73,2025-06-10 17:26:20.316045+00,c8be5e35-418b-4afd-b583-f5a2e59ef69b
fdba92d7-f759-4e75-8b80-1f2e05199c17,2025-05-30 07:12:52.6161+00,26fd3f71-80b0-4256-8cb8-ccdd84a18569
fdbb0448-404f-4e72-b9ce-a32ad9b77458,2025-06-09 07:57:19.497063+00,137d7f93-688e-44b3-98c0-86ddd6c844ac
fdf420e0-5565-4098-976c-d80192ba3e9f,2025-08-03 11:25:37.46512+00,57946524-60c0-4854-9dfe-3f8087f61f1f
fe309284-8470-44ae-a896-959ab0807971,2025-08-25 13:06:13.182002+00,f6e7916c-72fa-4ebc-8567-062a632a65ef
fe55ff9f-47af-42cd-b2ef-f774c919928f,2025-06-06 17:35:21.181871+00,f8eeda44-ffd2-46b7-aa06-4eb17f6b4fff
fe5bc3b9-aa9b-43b3-b7a9-e1a8a9108955,2025-07-22 08:46:09.408641+00,04a233ea-c613-442b-b078-d2c8979cecfc
fe5d1ee1-9a95-489f-857b-43d879dea1bf,2025-07-10 11:11:13.030026+00,c83fa279-78ed-431e-b017-f3cbf0490c52
fe80e683-a35e-402c-a61a-47ffc0dd41b7,2025-06-21 09:51:26.605578+00,a15419b2-70af-4644-8dd8-08e144cfbe62
febc41b2-ed0a-403f-9a1a-edc91e733f87,2025-08-12 08:16:24.527916+00,b641e08f-5ef7-41f7-811f-11b3b0eae85d
fec78171-8a64-4544-93ab-7d607793d913,2025-06-08 12:00:04.316288+00,db1c11aa-2ca6-4f93-a97b-369c29c40d27
fecc3f12-1f75-40ee-b9e8-509ab0879f62,2025-07-06 19:53:40.080911+00,89d3cb78-cdc5-4deb-9599-003a1fd21886
ff11044e-d6bc-47b2-81ce-2498d8842418,2025-08-22 08:15:34.078711+00,a14c4a9c-4e4b-4980-a163-68a56a0a410e
ff80fd59-ce79-4746-972d-07179d33266d,2025-06-25 13:23:45.504177+00,66a659e4-ee0a-4966-91cc-5a043a6580f3
ffc0081c-2424-4691-b996-379ab33bc2f7,2025-08-25 05:09:59.70817+00,6b139d49-4da8-4ec8-8db8-b596965273b0
ffd116ef-dd6a-4d67-af1e-8890753c131b,2025-05-26 07:43:21.163327+00,04a233ea-c613-442b-b078-d2c8979cecfc
fff608ed-fada-45c8-8e8f-adbb0634e397,2025-05-23 11:43:54.190512+00,26fd3f71-80b0-4256-8cb8-ccdd84a18569